Dataset,Model,N_batteries,N_samples,Pearson_R,MAE,MSE,RMSE,MAPE
XJTU,DeepOPINN,3,672,0.914608,0.011008,0.000233,0.01528,1.19683
XJTU,LAX,3,672,0.877899,0.01642,0.00041,0.020239,1.758988
XJTU,Knee-Aware DOPLAX,3,672,0.919458,0.012921,0.000286,0.016924,1.398017
TJU,DeepOPINN,2,1759,0.997032,0.006501,7.2e-05,0.008514,0.872525
TJU,LAX,2,1759,0.955544,0.049386,0.003123,0.055885,6.428053
TJU,Knee-Aware DOPLAX,2,1759,0.998116,0.004894,3.9e-05,0.006236,0.629748
MIT,DeepOPINN,23,14193,0.962376,0.00579,6.5e-05,0.00806,0.609825
MIT,LAX,23,14193,0.933755,0.008064,0.000124,0.011149,0.848955
MIT,Knee-Aware DOPLAX,23,14193,0.963837,0.005599,6.1e-05,0.00779,0.589986
HUST,DeepOPINN,20,35322,0.993669,0.007282,8.6e-05,0.009288,0.751834
HUST,LAX,20,35322,0.708489,0.034631,0.002984,0.054629,3.737332
HUST,Knee-Aware DOPLAX,20,35322,0.993666,0.00685,7.6e-05,0.008704,0.704181
