Dataset,Model,N_batteries,N_samples,Pearson_R,MAE,MSE,RMSE,MAPE,MAPE%
XJTU,DeepOPINN,13,5368,-0.000704,2.78526,12.168585,3.48835,2.968341,296.834098
XJTU,LAX,13,5368,0.917411,0.013987,0.000359,0.018943,0.014961,1.496138
XJTU,Knee-Aware DOPLAX,13,5368,0.888,0.015552,0.000405,0.020123,0.016678,1.667848
XJTU,Post-Processed,13,5368,0.896934,0.015141,0.000379,0.019474,0.016227,1.62266
TJU,DeepOPINN,26,11784,0.615129,0.040528,0.008035,0.089636,0.051027,5.102673
TJU,LAX,26,11784,0.652999,0.035594,0.005179,0.071965,0.04416,4.415954
TJU,Knee-Aware DOPLAX,26,11784,0.976963,0.006161,0.000172,0.01313,0.007741,0.774132
TJU,Post-Processed,26,11784,0.978745,0.005738,0.000159,0.012613,0.007228,0.722846
MIT,DeepOPINN,23,14193,0.965646,0.005543,5.8e-05,0.007586,0.005837,0.583654
MIT,LAX,23,14193,0.931029,0.008458,0.000132,0.011508,0.008874,0.88738
MIT,Knee-Aware DOPLAX,23,14193,0.966773,0.005473,5.6e-05,0.007477,0.005769,0.576858
MIT,Post-Processed,23,14193,0.971892,0.005119,4.8e-05,0.006901,0.005395,0.539507
HUST,DeepOPINN,20,35322,0.993581,0.007167,8.1e-05,0.008975,0.007326,0.732557
HUST,LAX,20,35322,0.54627,0.041868,0.004335,0.065843,0.044206,4.420632
HUST,Knee-Aware DOPLAX,20,35322,0.993638,0.007002,7.6e-05,0.008745,0.00717,0.716965
HUST,Post-Processed,20,35322,0.994034,0.006857,7.2e-05,0.008467,0.007021,0.702106
