Dataset,Batch,Battery,Model,Pearson_R,MAE,MSE,RMSE,MAPE,MAPE%
XJTU,2C,2C_battery-4,DeepOPINN,0.024592,2.75655,11.556588,3.399498,2.954318,295.431834
XJTU,2C,2C_battery-4,LAX,0.957272,0.014095,0.000314,0.017713,0.015326,1.532606
XJTU,2C,2C_battery-4,Knee-Aware DOPLAX,0.931596,0.015575,0.00037,0.019247,0.016944,1.694415
XJTU,2C,2C_battery-4,Post-Processed,0.940143,0.014725,0.000333,0.01824,0.01604,1.604029
XJTU,2C,2C_battery-8,DeepOPINN,-0.003834,2.739085,11.948952,3.456726,2.944143,294.414342
XJTU,2C,2C_battery-8,LAX,0.923378,0.012933,0.00034,0.018437,0.014078,1.407847
XJTU,2C,2C_battery-8,Knee-Aware DOPLAX,0.880575,0.01807,0.000498,0.022325,0.019528,1.952827
XJTU,2C,2C_battery-8,Post-Processed,0.890551,0.017243,0.000461,0.021478,0.018657,1.865686
XJTU,3C,3C_battery-14,DeepOPINN,0.024885,2.797965,13.205974,3.634002,3.025023,302.502266
XJTU,3C,3C_battery-14,LAX,0.923058,0.014604,0.000309,0.017582,0.015886,1.588568
XJTU,3C,3C_battery-14,Knee-Aware DOPLAX,0.939987,0.010958,0.000239,0.015447,0.012113,1.211301
XJTU,3C,3C_battery-14,Post-Processed,0.951088,0.009955,0.000194,0.013916,0.011013,1.101278
XJTU,3C,3C_battery-4,DeepOPINN,-0.036529,2.875528,12.54827,3.542354,3.099772,309.977233
XJTU,3C,3C_battery-4,LAX,0.872897,0.017804,0.000504,0.022451,0.019313,1.931344
XJTU,3C,3C_battery-4,Knee-Aware DOPLAX,0.914965,0.012647,0.000294,0.017139,0.014061,1.406115
XJTU,3C,3C_battery-4,Post-Processed,0.934012,0.011873,0.00025,0.0158,0.013169,1.316871
XJTU,3C,3C_battery-8,DeepOPINN,0.026146,2.848991,12.395848,3.520774,3.002132,300.213196
XJTU,3C,3C_battery-8,LAX,0.879392,0.028709,0.001127,0.033567,0.030434,3.043428
XJTU,3C,3C_battery-8,Knee-Aware DOPLAX,0.872872,0.017108,0.000495,0.022242,0.018202,1.82021
XJTU,3C,3C_battery-8,Post-Processed,0.876937,0.017066,0.000476,0.021812,0.018144,1.814425
XJTU,R2.5,R2.5_battery-4,DeepOPINN,0.021921,2.698229,11.375612,3.372775,2.867814,286.781353
XJTU,R2.5,R2.5_battery-4,LAX,0.971541,0.014076,0.000289,0.016989,0.014735,1.473549
XJTU,R2.5,R2.5_battery-4,Knee-Aware DOPLAX,0.961809,0.02175,0.000653,0.025557,0.022567,2.256699
XJTU,R2.5,R2.5_battery-4,Post-Processed,0.964685,0.021617,0.000651,0.02552,0.022413,2.241297
XJTU,R2.5,R2.5_battery-8,DeepOPINN,0.037016,2.806105,12.400807,3.521478,2.989632,298.963155
XJTU,R2.5,R2.5_battery-8,LAX,0.964229,0.010496,0.000168,0.012956,0.011166,1.116563
XJTU,R2.5,R2.5_battery-8,Knee-Aware DOPLAX,0.977455,0.007676,9.2e-05,0.009568,0.008232,0.82315
XJTU,R2.5,R2.5_battery-8,Post-Processed,0.979459,0.007365,8.4e-05,0.009175,0.007868,0.786833
XJTU,R3,R3_battery-4,DeepOPINN,0.002806,2.804483,12.359638,3.515628,2.987361,298.736095
XJTU,R3,R3_battery-4,LAX,0.97196,0.01261,0.000233,0.015255,0.013485,1.348491
XJTU,R3,R3_battery-4,Knee-Aware DOPLAX,0.972764,0.016477,0.000351,0.018747,0.017442,1.744243
XJTU,R3,R3_battery-4,Post-Processed,0.976481,0.016302,0.000341,0.018462,0.017231,1.723067
XJTU,R3,R3_battery-8,DeepOPINN,0.02963,2.748651,12.005333,3.464871,2.934663,293.466277
XJTU,R3,R3_battery-8,LAX,0.963281,0.010231,0.000161,0.012686,0.011041,1.104145
XJTU,R3,R3_battery-8,Knee-Aware DOPLAX,0.962954,0.012332,0.000223,0.014938,0.013154,1.315395
XJTU,R3,R3_battery-8,Post-Processed,0.969104,0.011665,0.000207,0.014393,0.012418,1.241758
XJTU,RW,RW_battery-4,DeepOPINN,-0.130871,2.497729,10.498388,3.240122,2.645436,264.543616
XJTU,RW,RW_battery-4,LAX,0.847344,0.035162,0.001643,0.040531,0.037471,3.747077
XJTU,RW,RW_battery-4,Knee-Aware DOPLAX,0.829508,0.019395,0.000507,0.022512,0.020536,2.053582
XJTU,RW,RW_battery-4,Post-Processed,0.852461,0.019405,0.00047,0.021674,0.020549,2.054886
XJTU,RW,RW_battery-8,DeepOPINN,-0.171311,2.963722,14.358246,3.789228,3.192794,319.279445
XJTU,RW,RW_battery-8,LAX,0.467261,0.030673,0.001361,0.036887,0.033252,3.325249
XJTU,RW,RW_battery-8,Knee-Aware DOPLAX,0.492064,0.024061,0.001106,0.033255,0.026546,2.654639
XJTU,RW,RW_battery-8,Post-Processed,0.526187,0.023686,0.001065,0.032639,0.026138,2.613828
XJTU,Sim_satellite,Sim_satellite_battery-4,DeepOPINN,-0.045532,2.804425,12.150784,3.485797,2.981612,298.161213
XJTU,Sim_satellite,Sim_satellite_battery-4,LAX,0.960411,0.009089,0.000152,0.012325,0.009672,0.967199
XJTU,Sim_satellite,Sim_satellite_battery-4,Knee-Aware DOPLAX,0.886014,0.018787,0.000669,0.025862,0.020557,2.055735
XJTU,Sim_satellite,Sim_satellite_battery-4,Post-Processed,0.931853,0.018109,0.00062,0.024896,0.019849,1.984904
XJTU,Sim_satellite,Sim_satellite_battery-8,DeepOPINN,0.035787,2.837177,12.484374,3.533323,2.996248,299.62483
XJTU,Sim_satellite,Sim_satellite_battery-8,LAX,0.894349,0.010692,0.000224,0.014958,0.011295,1.129495
XJTU,Sim_satellite,Sim_satellite_battery-8,Knee-Aware DOPLAX,0.831044,0.013896,0.000274,0.016564,0.014795,1.479532
XJTU,Sim_satellite,Sim_satellite_battery-8,Post-Processed,0.85869,0.013946,0.000244,0.015631,0.014846,1.48456
TJU,NCA,CY25-025_1-#5,DeepOPINN,0.96101,0.014973,0.000395,0.019876,0.018248,1.824805
TJU,NCA,CY25-025_1-#5,LAX,0.95879,0.008343,0.000258,0.016056,0.01042,1.041975
TJU,NCA,CY25-025_1-#5,Knee-Aware DOPLAX,0.961266,0.013212,0.000358,0.018917,0.016015,1.601458
TJU,NCA,CY25-025_1-#5,Post-Processed,0.969795,0.012748,0.000306,0.017498,0.015435,1.543512
TJU,NCA,CY25-05_1-#10,DeepOPINN,0.968076,0.013498,0.000264,0.016259,0.015721,1.572108
TJU,NCA,CY25-05_1-#10,LAX,0.972888,0.021088,0.000659,0.025675,0.025393,2.539276
TJU,NCA,CY25-05_1-#10,Knee-Aware DOPLAX,0.969632,0.014382,0.000295,0.017181,0.016807,1.680676
TJU,NCA,CY25-05_1-#10,Post-Processed,0.980602,0.013596,0.000254,0.015943,0.015855,1.585515
TJU,NCA,CY25-05_1-#16,DeepOPINN,0.995094,0.008213,0.000101,0.010031,0.010147,1.014657
TJU,NCA,CY25-05_1-#16,LAX,0.904832,0.025944,0.001022,0.03197,0.030826,3.082603
TJU,NCA,CY25-05_1-#16,Knee-Aware DOPLAX,0.995742,0.00656,6.7e-05,0.008162,0.00808,0.808003
TJU,NCA,CY25-05_1-#16,Post-Processed,0.999103,0.005808,4.6e-05,0.006794,0.007196,0.719606
TJU,NCA,CY25-05_1-#2,DeepOPINN,0.99509,0.010197,0.000132,0.011477,0.012192,1.219194
TJU,NCA,CY25-05_1-#2,LAX,0.960796,0.021102,0.00061,0.024704,0.02536,2.535992
TJU,NCA,CY25-05_1-#2,Knee-Aware DOPLAX,0.994383,0.008708,0.000103,0.010139,0.010397,1.039672
TJU,NCA,CY25-05_1-#2,Post-Processed,0.998288,0.00829,7.9e-05,0.00888,0.009854,0.985409
TJU,NCA,CY25-05_1-#8,DeepOPINN,0.843368,0.010283,0.000166,0.012881,0.011576,1.15758
TJU,NCA,CY25-05_1-#8,LAX,0.539401,0.061815,0.012166,0.110298,0.070962,7.096178
TJU,NCA,CY25-05_1-#8,Knee-Aware DOPLAX,0.84218,0.010276,0.000162,0.012725,0.011544,1.15438
TJU,NCA,CY25-05_1-#8,Post-Processed,0.939589,0.007224,6.6e-05,0.008135,0.008111,0.811055
TJU,NCA,CY25-1_1-#3,DeepOPINN,0.666854,0.032988,0.002131,0.046162,0.039822,3.982215
TJU,NCA,CY25-1_1-#3,LAX,0.904926,0.017,0.000544,0.023334,0.020347,2.034702
TJU,NCA,CY25-1_1-#3,Knee-Aware DOPLAX,0.668505,0.033609,0.002258,0.047521,0.040558,4.055758
TJU,NCA,CY25-1_1-#3,Post-Processed,0.674006,0.033626,0.002226,0.047177,0.040572,4.057219
TJU,NCA,CY25-1_1-#9,DeepOPINN,0.943711,0.013245,0.000345,0.018579,0.016198,1.619772
TJU,NCA,CY25-1_1-#9,LAX,0.946263,0.01347,0.000278,0.016663,0.015945,1.594488
TJU,NCA,CY25-1_1-#9,Knee-Aware DOPLAX,0.945046,0.013005,0.000325,0.018036,0.015855,1.585517
TJU,NCA,CY25-1_1-#9,Post-Processed,0.964587,0.011632,0.000254,0.015941,0.014173,1.417335
TJU,NCA,CY45-05_1-#1,DeepOPINN,0.855182,0.017566,0.001279,0.035764,0.023259,2.325943
TJU,NCA,CY45-05_1-#1,LAX,0.828787,0.020129,0.001387,0.037248,0.02647,2.647002
TJU,NCA,CY45-05_1-#1,Knee-Aware DOPLAX,0.862041,0.016912,0.001189,0.034477,0.022358,2.235841
TJU,NCA,CY45-05_1-#1,Post-Processed,0.863772,0.016589,0.001174,0.034265,0.021977,2.197701
TJU,NCA,CY45-05_1-#15,DeepOPINN,0.963053,0.025017,0.000784,0.028,0.032116,3.211583
TJU,NCA,CY45-05_1-#15,LAX,0.959669,0.031174,0.001257,0.035461,0.039169,3.916891
TJU,NCA,CY45-05_1-#15,Knee-Aware DOPLAX,0.962517,0.022919,0.000684,0.026147,0.029359,2.935929
TJU,NCA,CY45-05_1-#15,Post-Processed,0.968661,0.022888,0.000659,0.025663,0.029316,2.931621
TJU,NCA,CY45-05_1-#19,DeepOPINN,0.986441,0.007569,0.000107,0.01036,0.009611,0.961052
TJU,NCA,CY45-05_1-#19,LAX,0.966684,0.014032,0.000432,0.020777,0.017142,1.714184
TJU,NCA,CY45-05_1-#19,Knee-Aware DOPLAX,0.987082,0.005712,7.9e-05,0.00891,0.007158,0.715761
TJU,NCA,CY45-05_1-#19,Post-Processed,0.990966,0.004931,5.8e-05,0.007598,0.006189,0.618851
TJU,NCA,CY45-05_1-#24,DeepOPINN,0.995531,0.006823,7e-05,0.008362,0.008837,0.883666
TJU,NCA,CY45-05_1-#24,LAX,0.974808,0.017336,0.000549,0.023426,0.021146,2.114603
TJU,NCA,CY45-05_1-#24,Knee-Aware DOPLAX,0.996137,0.004707,3.6e-05,0.005965,0.006039,0.60388
TJU,NCA,CY45-05_1-#24,Post-Processed,0.998464,0.003876,2.4e-05,0.004886,0.00502,0.502024
TJU,NCA,CY45-05_1-#28,DeepOPINN,0.994777,0.004385,3.6e-05,0.006015,0.005325,0.532509
TJU,NCA,CY45-05_1-#28,LAX,0.99322,0.006352,8.5e-05,0.009197,0.007556,0.755572
TJU,NCA,CY45-05_1-#28,Knee-Aware DOPLAX,0.996041,0.003831,2.8e-05,0.005251,0.004586,0.458573
TJU,NCA,CY45-05_1-#28,Post-Processed,0.997217,0.00346,2e-05,0.004487,0.004117,0.411735
TJU,NCA,CY45-05_1-#8,DeepOPINN,0.868252,0.026632,0.001089,0.032998,0.033592,3.359166
TJU,NCA,CY45-05_1-#8,LAX,0.770669,0.05502,0.003937,0.062749,0.069061,6.906089
TJU,NCA,CY45-05_1-#8,Knee-Aware DOPLAX,0.863371,0.02646,0.001059,0.032538,0.03343,3.342989
TJU,NCA,CY45-05_1-#8,Post-Processed,0.874427,0.025858,0.000995,0.031549,0.032731,3.273123
TJU,NCM,CY25-05_1-#13,DeepOPINN,0.997818,0.002594,1e-05,0.003171,0.003144,0.314443
TJU,NCM,CY25-05_1-#13,LAX,0.975939,0.005355,9e-05,0.009468,0.006567,0.656652
TJU,NCM,CY25-05_1-#13,Knee-Aware DOPLAX,0.997801,0.001889,7e-06,0.002664,0.002309,0.230907
TJU,NCM,CY25-05_1-#13,Post-Processed,0.999567,0.001113,3e-06,0.001791,0.001385,0.138486
TJU,NCM,CY25-05_1-#17,DeepOPINN,0.997286,0.001804,6e-06,0.002363,0.002141,0.214075
TJU,NCM,CY25-05_1-#17,LAX,0.969466,0.005321,6.3e-05,0.007908,0.006352,0.63522
TJU,NCM,CY25-05_1-#17,Knee-Aware DOPLAX,0.997633,0.002157,7e-06,0.002634,0.00255,0.255009
TJU,NCM,CY25-05_1-#17,Post-Processed,0.999759,0.001685,3e-06,0.001799,0.001993,0.199257
TJU,NCM,CY25-05_1-#22,DeepOPINN,0.998395,0.00107,2e-06,0.001394,0.001235,0.123523
TJU,NCM,CY25-05_1-#22,LAX,0.832646,0.012429,0.000251,0.015856,0.014228,1.422825
TJU,NCM,CY25-05_1-#22,Knee-Aware DOPLAX,0.99709,0.002,7e-06,0.00255,0.002286,0.228572
TJU,NCM,CY25-05_1-#22,Post-Processed,0.998741,0.001766,5e-06,0.002182,0.002011,0.20112
TJU,NCM,CY25-05_1-#5,DeepOPINN,0.997995,0.003723,2.6e-05,0.005104,0.004685,0.468548
TJU,NCM,CY25-05_1-#5,LAX,0.992786,0.004862,4.3e-05,0.006541,0.005957,0.595673
TJU,NCM,CY25-05_1-#5,Knee-Aware DOPLAX,0.998079,0.001801,1e-05,0.003195,0.002234,0.223416
TJU,NCM,CY25-05_1-#5,Post-Processed,0.999369,0.001362,4e-06,0.001987,0.0017,0.170003
TJU,NCM,CY35-05_1-#2,DeepOPINN,0.999403,0.0039,1.9e-05,0.004341,0.005005,0.500452
TJU,NCM,CY35-05_1-#2,LAX,0.998548,0.003316,1.7e-05,0.004092,0.004179,0.417856
TJU,NCM,CY35-05_1-#2,Knee-Aware DOPLAX,0.999288,0.001913,6e-06,0.002412,0.002384,0.238389
TJU,NCM,CY35-05_1-#2,Post-Processed,0.999653,0.00164,4e-06,0.001968,0.002054,0.205371
TJU,NCM,CY45-05_1-#10,DeepOPINN,0.998226,0.003235,1.6e-05,0.004037,0.003751,0.375108
TJU,NCM,CY45-05_1-#10,LAX,0.99364,0.003175,2.1e-05,0.004595,0.003762,0.376168
TJU,NCM,CY45-05_1-#10,Knee-Aware DOPLAX,0.998821,0.001708,5e-06,0.002215,0.00202,0.20202
TJU,NCM,CY45-05_1-#10,Post-Processed,0.999806,0.001384,2e-06,0.001548,0.001644,0.164384
TJU,NCM,CY45-05_1-#16,DeepOPINN,0.998455,0.003051,1.4e-05,0.003756,0.003738,0.373767
TJU,NCM,CY45-05_1-#16,LAX,0.996083,0.003719,2.4e-05,0.004894,0.004592,0.459156
TJU,NCM,CY45-05_1-#16,Knee-Aware DOPLAX,0.999089,0.001717,5e-06,0.002167,0.00208,0.208039
TJU,NCM,CY45-05_1-#16,Post-Processed,0.999893,0.001255,2e-06,0.00132,0.00152,0.151979
TJU,NCM,CY45-05_1-#2,DeepOPINN,0.997312,0.002964,1.5e-05,0.003878,0.003493,0.349287
TJU,NCM,CY45-05_1-#2,LAX,0.995138,0.004548,2.9e-05,0.005387,0.005344,0.534414
TJU,NCM,CY45-05_1-#2,Knee-Aware DOPLAX,0.998143,0.002382,9e-06,0.002919,0.002808,0.280822
TJU,NCM,CY45-05_1-#2,Post-Processed,0.999614,0.001884,4e-06,0.002053,0.002222,0.222194
TJU,NCM,CY45-05_1-#25,DeepOPINN,0.999605,0.004164,2.1e-05,0.004558,0.005349,0.534857
TJU,NCM,CY45-05_1-#25,LAX,0.998355,0.005493,3.9e-05,0.006247,0.006816,0.681565
TJU,NCM,CY45-05_1-#25,Knee-Aware DOPLAX,0.999303,0.001671,6e-06,0.002357,0.00204,0.204029
TJU,NCM,CY45-05_1-#25,Post-Processed,0.99951,0.001513,4e-06,0.002064,0.001845,0.184537
TJU,NCM,CY45-05_1-#3,DeepOPINN,0.989541,0.003004,1.8e-05,0.004209,0.003374,0.33743
TJU,NCM,CY45-05_1-#3,LAX,0.904442,0.010682,0.00022,0.014837,0.012003,1.200307
TJU,NCM,CY45-05_1-#3,Knee-Aware DOPLAX,0.989176,0.004347,2.9e-05,0.005373,0.004914,0.491409
TJU,NCM,CY45-05_1-#3,Post-Processed,0.996725,0.004048,1.9e-05,0.004348,0.004572,0.457194
TJU,NCM,CY45-05_1-#9,DeepOPINN,0.998043,0.002005,8e-06,0.002783,0.002312,0.231247
TJU,NCM,CY45-05_1-#9,LAX,0.994826,0.004833,3.2e-05,0.005655,0.00566,0.565997
TJU,NCM,CY45-05_1-#9,Knee-Aware DOPLAX,0.998518,0.003229,1.4e-05,0.003726,0.003816,0.381582
TJU,NCM,CY45-05_1-#9,Post-Processed,0.999774,0.003184,1.1e-05,0.003317,0.003766,0.376619
TJU,NCM_NCA,CY25-05_2-#2,DeepOPINN,0.994336,0.225679,0.051494,0.226923,0.286126,28.612596
TJU,NCM_NCA,CY25-05_2-#2,LAX,0.74296,0.159671,0.028766,0.169605,0.199977,19.997687
TJU,NCM_NCA,CY25-05_2-#2,Knee-Aware DOPLAX,0.997453,0.003747,4.1e-05,0.006386,0.004805,0.480491
TJU,NCM_NCA,CY25-05_2-#2,Post-Processed,0.998939,0.003322,1.9e-05,0.004331,0.004275,0.427452
TJU,NCM_NCA,CY25-05_4-#3,DeepOPINN,0.996929,0.230303,0.053726,0.231789,0.287799,28.779892
TJU,NCM_NCA,CY25-05_4-#3,LAX,0.900636,0.179216,0.034241,0.185044,0.221589,22.15894
TJU,NCM_NCA,CY25-05_4-#3,Knee-Aware DOPLAX,0.997939,0.005208,3.8e-05,0.006202,0.006806,0.680587
TJU,NCM_NCA,CY25-05_4-#3,Post-Processed,0.99816,0.005089,3.5e-05,0.005918,0.006646,0.664641
MIT,2017-05-12,2017-05-12_battery-10,DeepOPINN,0.98913,0.003174,2e-05,0.00449,0.003335,0.333531
MIT,2017-05-12,2017-05-12_battery-10,LAX,0.941246,0.007912,0.00011,0.01047,0.008247,0.824689
MIT,2017-05-12,2017-05-12_battery-10,Knee-Aware DOPLAX,0.988636,0.003066,2e-05,0.00449,0.003229,0.322877
MIT,2017-05-12,2017-05-12_battery-10,Post-Processed,0.996298,0.002067,8e-06,0.002816,0.002168,0.21683
MIT,2017-05-12,2017-05-12_battery-15,DeepOPINN,0.994292,0.006182,4.6e-05,0.006747,0.006504,0.65043
MIT,2017-05-12,2017-05-12_battery-15,LAX,0.958109,0.006924,8e-05,0.00892,0.007251,0.725119
MIT,2017-05-12,2017-05-12_battery-15,Knee-Aware DOPLAX,0.99413,0.006162,4.6e-05,0.006747,0.006488,0.648789
MIT,2017-05-12,2017-05-12_battery-15,Post-Processed,0.999102,0.006122,3.9e-05,0.006277,0.006447,0.644704
MIT,2017-05-12,2017-05-12_battery-20,DeepOPINN,0.995126,0.004814,3.1e-05,0.005577,0.004979,0.497911
MIT,2017-05-12,2017-05-12_battery-20,LAX,0.978089,0.010493,0.000146,0.01209,0.010842,1.084198
MIT,2017-05-12,2017-05-12_battery-20,Knee-Aware DOPLAX,0.995564,0.004754,3e-05,0.005461,0.004917,0.49171
MIT,2017-05-12,2017-05-12_battery-20,Post-Processed,0.999279,0.004417,2.3e-05,0.004783,0.00455,0.454957
MIT,2017-05-12,2017-05-12_battery-25,DeepOPINN,0.993084,0.006079,4.7e-05,0.006867,0.006406,0.640562
MIT,2017-05-12,2017-05-12_battery-25,LAX,0.945814,0.007878,0.000108,0.010378,0.008249,0.824907
MIT,2017-05-12,2017-05-12_battery-25,Knee-Aware DOPLAX,0.993675,0.005881,4.4e-05,0.006645,0.006208,0.620771
MIT,2017-05-12,2017-05-12_battery-25,Post-Processed,0.998829,0.00568,3.5e-05,0.005925,0.005999,0.599869
MIT,2017-05-12,2017-05-12_battery-30,DeepOPINN,0.987524,0.006153,5.6e-05,0.007508,0.006421,0.642095
MIT,2017-05-12,2017-05-12_battery-30,LAX,0.948782,0.007257,0.000112,0.01056,0.007503,0.75028
MIT,2017-05-12,2017-05-12_battery-30,Knee-Aware DOPLAX,0.988376,0.005809,5e-05,0.007066,0.006067,0.606734
MIT,2017-05-12,2017-05-12_battery-30,Post-Processed,0.994992,0.005382,3.8e-05,0.006179,0.005621,0.562126
MIT,2017-05-12,2017-05-12_battery-35,DeepOPINN,0.993126,0.003111,1.6e-05,0.004051,0.003244,0.324354
MIT,2017-05-12,2017-05-12_battery-35,LAX,0.97117,0.005447,4.5e-05,0.00672,0.005637,0.563746
MIT,2017-05-12,2017-05-12_battery-35,Knee-Aware DOPLAX,0.994035,0.003203,1.6e-05,0.004026,0.003332,0.333198
MIT,2017-05-12,2017-05-12_battery-35,Post-Processed,0.997523,0.002886,1.1e-05,0.003297,0.002998,0.299844
MIT,2017-05-12,2017-05-12_battery-40,DeepOPINN,0.990868,0.006483,5.3e-05,0.007289,0.006706,0.670587
MIT,2017-05-12,2017-05-12_battery-40,LAX,0.985231,0.011253,0.000154,0.0124,0.011569,1.156947
MIT,2017-05-12,2017-05-12_battery-40,Knee-Aware DOPLAX,0.992375,0.006241,4.9e-05,0.006977,0.006456,0.645564
MIT,2017-05-12,2017-05-12_battery-40,Post-Processed,0.997072,0.006151,4.2e-05,0.006505,0.006364,0.636395
MIT,2017-05-12,2017-05-12_battery-45,DeepOPINN,0.982158,0.008596,9.2e-05,0.009593,0.008967,0.89668
MIT,2017-05-12,2017-05-12_battery-45,LAX,0.974884,0.009433,0.000146,0.012084,0.009801,0.980073
MIT,2017-05-12,2017-05-12_battery-45,Knee-Aware DOPLAX,0.984423,0.008176,8.2e-05,0.009066,0.008536,0.853557
MIT,2017-05-12,2017-05-12_battery-45,Post-Processed,0.988552,0.007836,7.2e-05,0.008477,0.008163,0.816264
MIT,2017-05-12,2017-05-12_battery-5,DeepOPINN,0.979356,0.00655,6.1e-05,0.00778,0.006875,0.687498
MIT,2017-05-12,2017-05-12_battery-5,LAX,0.794123,0.013532,0.000363,0.019044,0.014324,1.43245
MIT,2017-05-12,2017-05-12_battery-5,Knee-Aware DOPLAX,0.977741,0.006485,6.2e-05,0.007887,0.00683,0.683022
MIT,2017-05-12,2017-05-12_battery-5,Post-Processed,0.9844,0.006362,5.5e-05,0.007392,0.006703,0.670302
MIT,2017-06-30,2017-06-30_battery-15,DeepOPINN,0.994829,0.004318,2.5e-05,0.005012,0.004478,0.447813
MIT,2017-06-30,2017-06-30_battery-15,LAX,0.991386,0.005558,4.6e-05,0.006758,0.005751,0.575055
MIT,2017-06-30,2017-06-30_battery-15,Knee-Aware DOPLAX,0.995456,0.003821,2e-05,0.004466,0.003965,0.396488
MIT,2017-06-30,2017-06-30_battery-15,Post-Processed,0.998949,0.003538,1.4e-05,0.003801,0.00367,0.367047
MIT,2017-06-30,2017-06-30_battery-20,DeepOPINN,0.953259,0.014831,0.000291,0.017067,0.016227,1.622672
MIT,2017-06-30,2017-06-30_battery-20,LAX,0.928498,0.012208,0.000253,0.015916,0.013459,1.345886
MIT,2017-06-30,2017-06-30_battery-20,Knee-Aware DOPLAX,0.954804,0.01531,0.000304,0.01743,0.016744,1.674441
MIT,2017-06-30,2017-06-30_battery-20,Post-Processed,0.965196,0.015012,0.000277,0.016631,0.016414,1.641417
MIT,2017-06-30,2017-06-30_battery-25,DeepOPINN,0.695748,0.012679,0.000407,0.020182,0.01307,1.30701
MIT,2017-06-30,2017-06-30_battery-25,LAX,0.494211,0.00831,0.000272,0.016479,0.008565,0.856515
MIT,2017-06-30,2017-06-30_battery-25,Knee-Aware DOPLAX,0.709858,0.011559,0.000346,0.018608,0.011917,1.191705
MIT,2017-06-30,2017-06-30_battery-25,Post-Processed,0.738746,0.009352,0.000293,0.017108,0.009648,0.964825
MIT,2017-06-30,2017-06-30_battery-30,DeepOPINN,0.96718,0.005875,7.3e-05,0.008545,0.006191,0.619095
MIT,2017-06-30,2017-06-30_battery-30,LAX,0.985736,0.006867,7.3e-05,0.008529,0.007203,0.720281
MIT,2017-06-30,2017-06-30_battery-30,Knee-Aware DOPLAX,0.971029,0.005621,6.6e-05,0.00815,0.005919,0.591884
MIT,2017-06-30,2017-06-30_battery-30,Post-Processed,0.978565,0.005074,5.8e-05,0.00761,0.00535,0.535046
MIT,2017-06-30,2017-06-30_battery-35,DeepOPINN,0.9935,0.00357,1.8e-05,0.00421,0.003706,0.370595
MIT,2017-06-30,2017-06-30_battery-35,LAX,0.994597,0.002186,7e-06,0.002689,0.002275,0.227535
MIT,2017-06-30,2017-06-30_battery-35,Knee-Aware DOPLAX,0.994443,0.003841,2e-05,0.004456,0.003983,0.398279
MIT,2017-06-30,2017-06-30_battery-35,Post-Processed,0.998706,0.003391,1.5e-05,0.003813,0.003507,0.350677
MIT,2017-06-30,2017-06-30_battery-40,DeepOPINN,0.991733,0.005313,4e-05,0.006319,0.0055,0.550014
MIT,2017-06-30,2017-06-30_battery-40,LAX,0.973519,0.00956,0.000129,0.011364,0.009866,0.986573
MIT,2017-06-30,2017-06-30_battery-40,Knee-Aware DOPLAX,0.990906,0.005122,3.9e-05,0.006276,0.005306,0.530621
MIT,2017-06-30,2017-06-30_battery-40,Post-Processed,0.997683,0.004929,2.8e-05,0.005245,0.005107,0.510697
MIT,2017-06-30,2017-06-30_battery-45,DeepOPINN,0.995225,0.002762,1.2e-05,0.00347,0.002907,0.290721
MIT,2017-06-30,2017-06-30_battery-45,LAX,0.993281,0.003067,1.4e-05,0.003776,0.003203,0.320347
MIT,2017-06-30,2017-06-30_battery-45,Knee-Aware DOPLAX,0.995905,0.002856,1.2e-05,0.003476,0.003,0.30003
MIT,2017-06-30,2017-06-30_battery-45,Post-Processed,0.999305,0.002101,6e-06,0.002527,0.002213,0.221266
MIT,2017-06-30,2017-06-30_battery-5,DeepOPINN,0.981563,0.003359,4.7e-05,0.006872,0.003609,0.360912
MIT,2017-06-30,2017-06-30_battery-5,LAX,0.979198,0.00433,6.1e-05,0.007797,0.004683,0.468278
MIT,2017-06-30,2017-06-30_battery-5,Knee-Aware DOPLAX,0.982682,0.003189,4.5e-05,0.006697,0.00343,0.342951
MIT,2017-06-30,2017-06-30_battery-5,Post-Processed,0.987061,0.001922,3.4e-05,0.005812,0.002087,0.208666
MIT,2018-04-12,2018-04-12_battery-10,DeepOPINN,0.994429,0.002028,1e-05,0.003184,0.00215,0.215016
MIT,2018-04-12,2018-04-12_battery-10,LAX,0.963945,0.006116,6.6e-05,0.008139,0.006394,0.639358
MIT,2018-04-12,2018-04-12_battery-10,Knee-Aware DOPLAX,0.994563,0.002035,1e-05,0.003137,0.002157,0.21569
MIT,2018-04-12,2018-04-12_battery-10,Post-Processed,0.997346,0.001623,7e-06,0.002611,0.001729,0.172919
MIT,2018-04-12,2018-04-12_battery-15,DeepOPINN,0.997045,0.004717,2.6e-05,0.005099,0.004903,0.49026
MIT,2018-04-12,2018-04-12_battery-15,LAX,0.951127,0.011641,0.000185,0.013587,0.012062,1.206185
MIT,2018-04-12,2018-04-12_battery-15,Knee-Aware DOPLAX,0.997291,0.004542,2.5e-05,0.004964,0.004713,0.471295
MIT,2018-04-12,2018-04-12_battery-15,Post-Processed,0.998889,0.004424,2.3e-05,0.004769,0.004584,0.458409
MIT,2018-04-12,2018-04-12_battery-25,DeepOPINN,0.95955,0.011356,0.000171,0.013069,0.012101,1.210147
MIT,2018-04-12,2018-04-12_battery-25,LAX,0.90838,0.00729,0.000101,0.010035,0.007861,0.786109
MIT,2018-04-12,2018-04-12_battery-25,Knee-Aware DOPLAX,0.961941,0.011437,0.000168,0.012976,0.012193,1.219269
MIT,2018-04-12,2018-04-12_battery-25,Post-Processed,0.972211,0.01136,0.000159,0.012595,0.012103,1.210258
MIT,2018-04-12,2018-04-12_battery-30,DeepOPINN,0.997512,0.001834,6e-06,0.002441,0.001925,0.192515
MIT,2018-04-12,2018-04-12_battery-30,LAX,0.977865,0.009642,0.00012,0.010958,0.010152,1.015171
MIT,2018-04-12,2018-04-12_battery-30,Knee-Aware DOPLAX,0.997823,0.001803,6e-06,0.002367,0.001897,0.189665
MIT,2018-04-12,2018-04-12_battery-30,Post-Processed,0.999065,0.001675,4e-06,0.002031,0.001758,0.175784
MIT,2018-04-12,2018-04-12_battery-40,DeepOPINN,0.98991,0.008639,8.9e-05,0.00942,0.009231,0.923083
MIT,2018-04-12,2018-04-12_battery-40,LAX,0.942303,0.010777,0.000158,0.012568,0.011672,1.167151
MIT,2018-04-12,2018-04-12_battery-40,Knee-Aware DOPLAX,0.991479,0.009622,0.000104,0.010209,0.010291,1.029112
MIT,2018-04-12,2018-04-12_battery-40,Post-Processed,0.995436,0.009599,0.000101,0.010034,0.010265,1.026536
MIT,2018-04-12,2018-04-12_battery-45,DeepOPINN,0.993912,0.003497,2.3e-05,0.004817,0.003703,0.37028
MIT,2018-04-12,2018-04-12_battery-45,LAX,0.93684,0.01126,0.000164,0.012803,0.011743,1.174328
MIT,2018-04-12,2018-04-12_battery-45,Knee-Aware DOPLAX,0.993968,0.003519,2.3e-05,0.004763,0.003723,0.37229
MIT,2018-04-12,2018-04-12_battery-45,Post-Processed,0.996886,0.003408,1.9e-05,0.004415,0.003607,0.360707
HUST,HUST,1-4,DeepOPINN,0.998272,0.00606,5.9e-05,0.007687,0.006498,0.649796
HUST,HUST,1-4,LAX,0.119458,0.059667,0.009151,0.09566,0.060991,6.09912
HUST,HUST,1-4,Knee-Aware DOPLAX,0.998199,0.005569,5.6e-05,0.007476,0.006041,0.604125
HUST,HUST,1-4,Post-Processed,0.998613,0.005366,5.1e-05,0.007148,0.005843,0.584302
HUST,HUST,1-8,DeepOPINN,0.997188,0.00763,8e-05,0.00896,0.007807,0.780715
HUST,HUST,1-8,LAX,0.774293,0.034207,0.002443,0.049432,0.037397,3.739653
HUST,HUST,1-8,Knee-Aware DOPLAX,0.997546,0.006955,6.6e-05,0.008114,0.007146,0.714559
HUST,HUST,1-8,Post-Processed,0.998034,0.006714,6e-05,0.007752,0.006913,0.691306
HUST,HUST,10-4,DeepOPINN,0.997875,0.006068,5.5e-05,0.007395,0.00626,0.626006
HUST,HUST,10-4,LAX,0.78441,0.03286,0.002385,0.048837,0.034156,3.415633
HUST,HUST,10-4,Knee-Aware DOPLAX,0.997943,0.005604,5.1e-05,0.007126,0.005811,0.581094
HUST,HUST,10-4,Post-Processed,0.998401,0.005473,4.5e-05,0.006685,0.00567,0.566953
HUST,HUST,10-8,DeepOPINN,0.998652,0.005,3.6e-05,0.005988,0.005076,0.507594
HUST,HUST,10-8,LAX,0.90176,0.022255,0.001515,0.038925,0.024328,2.432762
HUST,HUST,10-8,Knee-Aware DOPLAX,0.998674,0.004427,2.9e-05,0.00539,0.004528,0.452807
HUST,HUST,10-8,Post-Processed,0.998983,0.004279,2.5e-05,0.005043,0.004375,0.437539
HUST,HUST,2-4,DeepOPINN,0.998506,0.007632,7.4e-05,0.008631,0.007878,0.787775
HUST,HUST,2-4,LAX,0.580474,0.042586,0.004061,0.063729,0.046595,4.659497
HUST,HUST,2-4,Knee-Aware DOPLAX,0.998589,0.006842,6.2e-05,0.007899,0.007126,0.712603
HUST,HUST,2-4,Post-Processed,0.99901,0.00672,5.7e-05,0.007569,0.007009,0.700901
HUST,HUST,2-8,DeepOPINN,0.994977,0.005863,6e-05,0.007742,0.006051,0.605092
HUST,HUST,2-8,LAX,0.8471,0.031752,0.002632,0.0513,0.035527,3.552655
HUST,HUST,2-8,Knee-Aware DOPLAX,0.994648,0.005878,6.1e-05,0.007812,0.006096,0.609628
HUST,HUST,2-8,Post-Processed,0.995069,0.005563,5.6e-05,0.007515,0.005781,0.578133
HUST,HUST,3-4,DeepOPINN,0.995001,0.011249,0.000162,0.012724,0.01178,1.178046
HUST,HUST,3-4,LAX,0.907914,0.021259,0.001031,0.032107,0.022752,2.275158
HUST,HUST,3-4,Knee-Aware DOPLAX,0.995119,0.010482,0.000146,0.012095,0.011019,1.101874
HUST,HUST,3-4,Post-Processed,0.99552,0.010483,0.000143,0.011941,0.011019,1.101911
HUST,HUST,3-8,DeepOPINN,0.998892,0.007621,7.3e-05,0.008558,0.007532,0.753166
HUST,HUST,3-8,LAX,0.58633,0.042634,0.004108,0.064091,0.044026,4.402636
HUST,HUST,3-8,Knee-Aware DOPLAX,0.998888,0.008383,8.7e-05,0.00934,0.008272,0.827208
HUST,HUST,3-8,Post-Processed,0.999427,0.008269,8.2e-05,0.009028,0.008142,0.814185
HUST,HUST,4-4,DeepOPINN,0.999222,0.011085,0.000159,0.012597,0.011037,1.103723
HUST,HUST,4-4,LAX,0.986477,0.0177,0.000436,0.020872,0.018491,1.849083
HUST,HUST,4-4,Knee-Aware DOPLAX,0.999229,0.010313,0.000138,0.011744,0.010273,1.027277
HUST,HUST,4-4,Post-Processed,0.999477,0.010291,0.000135,0.011636,0.010245,1.024526
HUST,HUST,4-8,DeepOPINN,0.998004,0.00667,6.6e-05,0.008124,0.006714,0.671425
HUST,HUST,4-8,LAX,0.450989,0.046118,0.005723,0.07565,0.048578,4.857831
HUST,HUST,4-8,Knee-Aware DOPLAX,0.997943,0.007648,7.9e-05,0.008916,0.007673,0.767266
HUST,HUST,4-8,Post-Processed,0.998259,0.007604,7.6e-05,0.008721,0.007617,0.761739
HUST,HUST,5-4,DeepOPINN,0.999275,0.003028,1.5e-05,0.003819,0.003039,0.303894
HUST,HUST,5-4,LAX,0.237216,0.077545,0.009074,0.095257,0.081016,8.101599
HUST,HUST,5-4,Knee-Aware DOPLAX,0.999155,0.003958,2.3e-05,0.004835,0.003965,0.396483
HUST,HUST,5-4,Post-Processed,0.999524,0.003751,1.9e-05,0.004415,0.003749,0.374914
HUST,HUST,5-7,DeepOPINN,0.998727,0.004262,2.8e-05,0.005244,0.004285,0.428521
HUST,HUST,5-7,LAX,0.764376,0.022948,0.002318,0.048148,0.026107,2.61075
HUST,HUST,5-7,Knee-Aware DOPLAX,0.998556,0.003823,2.4e-05,0.004879,0.003867,0.386659
HUST,HUST,5-7,Post-Processed,0.998975,0.003486,1.9e-05,0.004305,0.003522,0.352167
HUST,HUST,6-4,DeepOPINN,0.997873,0.011293,0.000164,0.012806,0.011412,1.141191
HUST,HUST,6-4,LAX,0.792636,0.026436,0.002399,0.04898,0.029919,2.99187
HUST,HUST,6-4,Knee-Aware DOPLAX,0.997957,0.010397,0.000139,0.011786,0.010548,1.054807
HUST,HUST,6-4,Post-Processed,0.998882,0.01032,0.000126,0.011223,0.010472,1.047235
HUST,HUST,6-8,DeepOPINN,0.995114,0.011654,0.0002,0.014154,0.012143,1.214279
HUST,HUST,6-8,LAX,0.344648,0.061774,0.006078,0.077958,0.064887,6.488679
HUST,HUST,6-8,Knee-Aware DOPLAX,0.995178,0.010618,0.000178,0.013332,0.011156,1.115579
HUST,HUST,6-8,Post-Processed,0.995641,0.01058,0.000172,0.013122,0.011117,1.111712
HUST,HUST,7-4,DeepOPINN,0.997672,0.004901,4e-05,0.0063,0.00515,0.515018
HUST,HUST,7-4,LAX,0.906347,0.024844,0.001811,0.042557,0.027985,2.798492
HUST,HUST,7-4,Knee-Aware DOPLAX,0.997587,0.004856,4.1e-05,0.006394,0.005121,0.512102
HUST,HUST,7-4,Post-Processed,0.997782,0.004692,3.9e-05,0.006226,0.004955,0.495545
HUST,HUST,7-8,DeepOPINN,0.999061,0.004526,3.2e-05,0.005662,0.004771,0.47712
HUST,HUST,7-8,LAX,0.617271,0.044364,0.003986,0.063135,0.048115,4.811464
HUST,HUST,7-8,Knee-Aware DOPLAX,0.999057,0.004938,3.5e-05,0.005899,0.005141,0.514095
HUST,HUST,7-8,Post-Processed,0.999356,0.00474,3.1e-05,0.005537,0.00494,0.493994
HUST,HUST,8-4,DeepOPINN,0.996571,0.005529,6.4e-05,0.008027,0.00553,0.553034
HUST,HUST,8-4,LAX,0.786523,0.02773,0.002264,0.047583,0.03114,3.114034
HUST,HUST,8-4,Knee-Aware DOPLAX,0.996313,0.005151,5.8e-05,0.007608,0.005185,0.518487
HUST,HUST,8-4,Post-Processed,0.996917,0.004828,5e-05,0.007083,0.004867,0.486721
HUST,HUST,8-8,DeepOPINN,0.998397,0.006814,5.8e-05,0.007636,0.007,0.699972
HUST,HUST,8-8,LAX,0.162646,0.062415,0.008199,0.090546,0.0629,6.290046
HUST,HUST,8-8,Knee-Aware DOPLAX,0.998399,0.007646,6.8e-05,0.008257,0.007812,0.781156
HUST,HUST,8-8,Post-Processed,0.998599,0.007612,6.5e-05,0.008088,0.007774,0.777444
HUST,HUST,9-4,DeepOPINN,0.998706,0.009296,0.000104,0.010175,0.00944,0.943996
HUST,HUST,9-4,LAX,0.536421,0.040288,0.004154,0.064449,0.041017,4.101742
HUST,HUST,9-4,Knee-Aware DOPLAX,0.998723,0.010194,0.000119,0.010896,0.010287,1.028724
HUST,HUST,9-4,Post-Processed,0.998931,0.010165,0.000116,0.010772,0.010254,1.025367
HUST,HUST,9-8,DeepOPINN,0.998626,0.005383,4.2e-05,0.006451,0.005375,0.537537
HUST,HUST,9-8,LAX,-0.114416,0.067559,0.009415,0.097032,0.068134,6.813406
HUST,HUST,9-8,Knee-Aware DOPLAX,0.998767,0.004453,2.9e-05,0.005427,0.004477,0.447676
HUST,HUST,9-8,Post-Processed,0.998954,0.00426,2.7e-05,0.005219,0.004273,0.427271
