battery,model,Pearson_R,MAE,MSE,RMSE,MAPE,MAPE%
Sim_satellite_battery-4,DeepOPINN,-0.045532,2.804425,12.150784,3.485797,2.981612,298.161213
Sim_satellite_battery-4,LAX,0.960411,0.009089,0.000152,0.012325,0.009672,0.967199
Sim_satellite_battery-4,Knee-Aware DOPLAX,0.886014,0.018787,0.000669,0.025862,0.020557,2.055735
Sim_satellite_battery-4,Post-Processed,0.931853,0.018109,0.00062,0.024896,0.019849,1.984904
Sim_satellite_battery-8,DeepOPINN,0.035787,2.837177,12.484374,3.533323,2.996248,299.62483
Sim_satellite_battery-8,LAX,0.894349,0.010692,0.000224,0.014958,0.011295,1.129495
Sim_satellite_battery-8,Knee-Aware DOPLAX,0.831044,0.013896,0.000274,0.016564,0.014795,1.479532
Sim_satellite_battery-8,Post-Processed,0.85869,0.013946,0.000244,0.015631,0.014846,1.48456
OVERALL,DeepOPINN,-0.010329,2.821382,12.3235,3.510484,2.98919,298.919003
OVERALL,LAX,0.933895,0.009919,0.000189,0.013751,0.010512,1.051228
OVERALL,Knee-Aware DOPLAX,0.827894,0.016254,0.000465,0.021555,0.017574,1.757405
OVERALL,Post-Processed,0.86248,0.015954,0.000425,0.020625,0.017259,1.72585
