battery,model,Pearson_R,MAE,MSE,RMSE,MAPE
1-4,DeepOPINN,0.998272,0.00606,5.9e-05,0.007687,0.006498
1-4,LAX,0.119458,0.059667,0.009151,0.09566,0.060991
1-4,Knee-Aware DOPLAX,0.998199,0.005569,5.6e-05,0.007476,0.006041
1-4,Post-Processed,0.998562,0.005348,5.1e-05,0.007111,0.005818
1-8,DeepOPINN,0.997188,0.00763,8e-05,0.00896,0.007807
1-8,LAX,0.774293,0.034207,0.002443,0.049432,0.037397
1-8,Knee-Aware DOPLAX,0.997546,0.006955,6.6e-05,0.008114,0.007146
1-8,Post-Processed,0.997714,0.006847,6.3e-05,0.007938,0.007033
10-4,DeepOPINN,0.997875,0.006068,5.5e-05,0.007395,0.00626
10-4,LAX,0.78441,0.03286,0.002385,0.048837,0.034156
10-4,Knee-Aware DOPLAX,0.997943,0.005604,5.1e-05,0.007126,0.005811
10-4,Post-Processed,0.998388,0.005446,4.5e-05,0.006727,0.005653
10-8,DeepOPINN,0.998652,0.005,3.6e-05,0.005988,0.005076
10-8,LAX,0.90176,0.022255,0.001515,0.038925,0.024328
10-8,Knee-Aware DOPLAX,0.998674,0.004427,2.9e-05,0.00539,0.004528
10-8,Post-Processed,0.998919,0.004228,2.5e-05,0.005033,0.004324
2-4,DeepOPINN,0.998506,0.007632,7.4e-05,0.008631,0.007878
2-4,LAX,0.580474,0.042586,0.004061,0.063729,0.046595
2-4,Knee-Aware DOPLAX,0.998589,0.006842,6.2e-05,0.007899,0.007126
2-4,Post-Processed,0.998972,0.006652,5.7e-05,0.007531,0.006934
2-8,DeepOPINN,0.994977,0.005863,6e-05,0.007742,0.006051
2-8,LAX,0.8471,0.031752,0.002632,0.0513,0.035527
2-8,Knee-Aware DOPLAX,0.994648,0.005878,6.1e-05,0.007812,0.006096
2-8,Post-Processed,0.994997,0.005605,5.7e-05,0.007548,0.005819
3-4,DeepOPINN,0.995001,0.011249,0.000162,0.012724,0.01178
3-4,LAX,0.907914,0.021259,0.001031,0.032107,0.022752
3-4,Knee-Aware DOPLAX,0.995119,0.010482,0.000146,0.012095,0.011019
3-4,Post-Processed,0.995368,0.010463,0.000144,0.01201,0.011004
3-8,DeepOPINN,0.998892,0.007621,7.3e-05,0.008558,0.007532
3-8,LAX,0.58633,0.042634,0.004108,0.064091,0.044026
3-8,Knee-Aware DOPLAX,0.998888,0.008383,8.7e-05,0.00934,0.008272
3-8,Post-Processed,0.999282,0.008311,8.4e-05,0.009144,0.008185
4-4,DeepOPINN,0.999222,0.011085,0.000159,0.012597,0.011037
4-4,LAX,0.986477,0.0177,0.000436,0.020872,0.018491
4-4,Knee-Aware DOPLAX,0.999229,0.010313,0.000138,0.011744,0.010273
4-4,Post-Processed,0.999433,0.010154,0.000133,0.011538,0.010104
4-8,DeepOPINN,0.998004,0.00667,6.6e-05,0.008124,0.006714
4-8,LAX,0.450989,0.046118,0.005723,0.07565,0.048578
4-8,Knee-Aware DOPLAX,0.997943,0.007648,7.9e-05,0.008916,0.007673
4-8,Post-Processed,0.998276,0.007656,7.7e-05,0.008773,0.007665
5-4,DeepOPINN,0.999275,0.003028,1.5e-05,0.003819,0.003039
5-4,LAX,0.237216,0.077545,0.009074,0.095257,0.081016
5-4,Knee-Aware DOPLAX,0.999155,0.003958,2.3e-05,0.004835,0.003965
5-4,Post-Processed,0.999473,0.003757,2e-05,0.004481,0.003751
5-7,DeepOPINN,0.998727,0.004262,2.8e-05,0.005244,0.004285
5-7,LAX,0.764376,0.022948,0.002318,0.048148,0.026107
5-7,Knee-Aware DOPLAX,0.998556,0.003823,2.4e-05,0.004879,0.003867
5-7,Post-Processed,0.998938,0.003592,1.9e-05,0.004402,0.003632
6-4,DeepOPINN,0.997873,0.011293,0.000164,0.012806,0.011412
6-4,LAX,0.792636,0.026436,0.002399,0.04898,0.029919
6-4,Knee-Aware DOPLAX,0.997957,0.010397,0.000139,0.011786,0.010548
6-4,Post-Processed,0.998497,0.010263,0.000129,0.011378,0.01041
6-8,DeepOPINN,0.995114,0.011654,0.0002,0.014154,0.012143
6-8,LAX,0.344648,0.061774,0.006078,0.077958,0.064887
6-8,Knee-Aware DOPLAX,0.995178,0.010618,0.000178,0.013332,0.011156
6-8,Post-Processed,0.995638,0.010515,0.000171,0.013059,0.011048
7-4,DeepOPINN,0.997672,0.004901,4e-05,0.0063,0.00515
7-4,LAX,0.906347,0.024844,0.001811,0.042557,0.027985
7-4,Knee-Aware DOPLAX,0.997587,0.004856,4.1e-05,0.006394,0.005121
7-4,Post-Processed,0.997724,0.004781,4e-05,0.006344,0.005048
7-8,DeepOPINN,0.999061,0.004526,3.2e-05,0.005662,0.004771
7-8,LAX,0.617271,0.044364,0.003986,0.063135,0.048115
7-8,Knee-Aware DOPLAX,0.999057,0.004938,3.5e-05,0.005899,0.005141
7-8,Post-Processed,0.999325,0.00485,3.2e-05,0.005649,0.005052
8-4,DeepOPINN,0.996571,0.005529,6.4e-05,0.008027,0.00553
8-4,LAX,0.786523,0.02773,0.002264,0.047583,0.03114
8-4,Knee-Aware DOPLAX,0.996313,0.005151,5.8e-05,0.007608,0.005185
8-4,Post-Processed,0.996778,0.004911,5.2e-05,0.007224,0.00495
8-8,DeepOPINN,0.998397,0.006814,5.8e-05,0.007636,0.007
8-8,LAX,0.162646,0.062415,0.008199,0.090546,0.0629
8-8,Knee-Aware DOPLAX,0.998399,0.007646,6.8e-05,0.008257,0.007812
8-8,Post-Processed,0.998583,0.00773,6.7e-05,0.008202,0.007893
9-4,DeepOPINN,0.998706,0.009296,0.000104,0.010175,0.00944
9-4,LAX,0.536421,0.040288,0.004154,0.064449,0.041017
9-4,Knee-Aware DOPLAX,0.998723,0.010194,0.000119,0.010896,0.010287
9-4,Post-Processed,0.99889,0.010249,0.000118,0.010873,0.010343
9-8,DeepOPINN,0.998626,0.005383,4.2e-05,0.006451,0.005375
9-8,LAX,-0.114416,0.067559,0.009415,0.097032,0.068134
9-8,Knee-Aware DOPLAX,0.998767,0.004453,2.9e-05,0.005427,0.004477
9-8,Post-Processed,0.998928,0.004255,2.7e-05,0.005209,0.004268
OVERALL,DeepOPINN,0.993581,0.007167,8.1e-05,0.008975,0.007326
OVERALL,LAX,0.54627,0.041868,0.004335,0.065843,0.044206
OVERALL,Knee-Aware DOPLAX,0.993638,0.007002,7.6e-05,0.008745,0.00717
OVERALL,Post-Processed,0.993952,0.006879,7.3e-05,0.00852,0.007043
