cycle_index,true_soh,pred_soh_deepopinn,pred_soh_lax,pred_soh_fusion_raw,pred_soh_fusion_post,true_kpd,pred_kpd,true_knee_cycle,pred_knee_cycle,split
0,0.96040434,0.9873657,0.9896975,0.9806748,0.9807778554794007,1.5691835,1.4726591,620,628,train
1,0.9609812,0.9873137,0.98963296,0.98066586,0.9808064124780216,1.5691808,1.4767413,620,628,train
2,0.9613843,0.9873086,0.9896253,0.9807825,0.9808330511780993,1.5691782,1.4915373,620,628,train
3,0.9615514,0.986904,0.9895675,0.98065436,0.9808577715796336,1.5691756,1.5028231,620,628,train
4,0.96176755,0.9865902,0.9895523,0.9808674,0.9808805736826246,1.569173,1.5488753,620,628,train
5,0.96190935,0.9865755,0.9894998,0.9808497,0.9809014574870724,1.5691704,1.5491955,620,628,train
6,0.9620146,0.9871292,0.9894332,0.9806475,0.9809204229929769,1.5691676,1.4919584,620,628,train
7,0.9629557,0.98742604,0.98938596,0.98131543,0.9809374702003381,1.569165,1.5565054,620,628,train
8,0.9634215,0.98634326,0.98929346,0.98088545,0.9809525991091559,1.5691624,1.5742064,620,628,train
9,0.9635212,0.9869597,0.98924446,0.9810912,0.9809658097194305,1.5691596,1.5623876,620,628,train
10,0.9636676,0.9866555,0.98918855,0.9807001,0.9809771020311617,1.569157,1.5352178,620,628,train
11,0.9637426,0.98709214,0.9891895,0.9813358,0.9809864760443497,1.5691543,1.5856822,620,628,train
12,0.9638218,0.9872956,0.98911524,0.9811834,0.9809939317589944,1.5691516,1.5565708,620,628,train
13,0.9639323,0.986743,0.98914754,0.9813918,0.9809994691750958,1.5691489,1.615543,620,628,train
14,0.9639735,0.98668396,0.9890445,0.9809785,0.9810030882926539,1.5691462,1.5717659,620,628,train
15,0.96401,0.98642635,0.98898613,0.9811106,0.9810047891116688,1.5691434,1.6057265,620,628,train
16,0.96408844,0.98687387,0.9889444,0.98108137,0.9810045716321403,1.5691407,1.5754961,620,628,train
17,0.9641652,0.98717654,0.98886627,0.98100156,0.9810024358540684,1.5691379,1.5491967,620,628,train
18,0.96420074,0.98749495,0.9888936,0.98166454,0.9809983817774534,1.5691352,1.6095829,620,628,train
19,0.9642406,0.98660016,0.9888075,0.9807055,0.980992409402295,1.5691324,1.5506982,620,628,train
20,0.9641738,0.9877425,0.9888025,0.9814184,0.9809845187285934,1.5691297,1.5667651,620,628,train
21,0.96423334,0.98715484,0.98875046,0.9810557,0.9809747097563484,1.5691268,1.56062,620,628,train
22,0.9643107,0.9870003,0.9886838,0.9807337,0.9809629824855601,1.5691241,1.5328876,620,628,train
23,0.9643289,0.9871868,0.98865336,0.9808777,0.9809493369162285,1.5691212,1.5397717,620,628,train
24,0.964299,0.9874007,0.9886171,0.9811601,0.9809337730483537,1.5691185,1.5620339,620,628,train
25,0.9643778,0.9869752,0.9885893,0.981052,0.9809162908819167,1.5691156,1.5761813,620,628,train
26,0.964349,0.98623526,0.9885051,0.980643,0.9808893049421109,1.5691128,1.5748287,620,628,train
27,0.9643436,0.9863769,0.9884893,0.9805711,0.9808516488177343,1.56911,1.5576818,620,628,train
28,0.9644156,0.98657155,0.98845017,0.9807617,0.9808172968001361,1.5691072,1.5700188,620,628,train
29,0.9643624,0.9863523,0.9884219,0.98064804,0.9807818571628182,1.5691043,1.5706329,620,628,train
30,0.964316,0.9865316,0.98835164,0.98060703,0.9807472535350172,1.5691015,1.5565405,620,628,train
31,0.96429825,0.9865613,0.98831284,0.98057127,0.9807086711267303,1.5690986,1.5514715,620,628,train
32,0.96434563,0.98585665,0.9882382,0.9802249,0.9806502914411774,1.5690956,1.5552965,620,628,train
33,0.96439034,0.9871097,0.9882438,0.98116016,0.9806274540975146,1.5690928,1.5913303,620,628,train
34,0.96436346,0.9867747,0.9881952,0.9811292,0.9805790068214748,1.5690899,1.6098979,620,628,train
35,0.9644233,0.9866214,0.98809767,0.9803097,0.9805437274210018,1.5690869,1.5221775,620,628,train
36,0.9643958,0.98636234,0.9880793,0.9804227,0.9804878304918694,1.569084,1.5526761,620,628,train
37,0.964401,0.9868405,0.9880151,0.98049617,0.98045032508763,1.5690811,1.5337721,620,628,train
38,0.96436507,0.98621464,0.9880222,0.98028404,0.9804114017033507,1.5690781,1.546646,620,628,train
39,0.96435416,0.9861289,0.98792714,0.9803603,0.9803795099174524,1.5690751,1.5641522,620,628,train
40,0.96430993,0.9861344,0.9878882,0.9804503,0.980334481534621,1.5690722,1.575979,620,628,train
41,0.9643614,0.98609865,0.98783195,0.9801479,0.9802956430635703,1.5690693,1.542911,620,628,train
42,0.9643858,0.9862968,0.9878099,0.9803434,0.9802578907379534,1.5690662,1.5551188,620,628,train
43,0.9643731,0.98615956,0.987696,0.97992617,0.980210850245747,1.5690632,1.516078,620,628,train
44,0.96441865,0.9868624,0.98775697,0.9804341,0.9801993751993351,1.5690602,1.532521,620,628,train
45,0.9644258,0.98714596,0.98769915,0.9807012,0.9801657414495007,1.5690572,1.5492226,620,628,train
46,0.964393,0.9861183,0.9876003,0.97986114,0.9801455487178483,1.5690541,1.5135511,620,628,train
47,0.96440184,0.98648477,0.9875263,0.97994125,0.9801309569866974,1.5690511,1.5027142,620,628,train
48,0.9643976,0.98686916,0.9875394,0.980441,0.9801079125165901,1.569048,1.5394332,620,628,train
49,0.96436155,0.9864863,0.9875026,0.9804909,0.9800933928324133,1.5690451,1.5705086,620,628,train
50,0.964378,0.9854477,0.987406,0.9794284,0.9800796136734052,1.569042,1.5082756,620,628,train
51,0.96434146,0.9863558,0.9873389,0.9799478,0.9800809996741201,1.5690389,1.5171429,620,628,train
52,0.964371,0.9863626,0.9873388,0.98017144,0.9800581130674189,1.5690358,1.54405,620,628,train
53,0.9643687,0.98603684,0.9872767,0.979943,0.9800460350635041,1.5690327,1.5382926,620,628,train
54,0.9643578,0.98637605,0.98721004,0.97980225,0.9800358635347208,1.5690296,1.5019333,620,628,train
55,0.96431327,0.9860045,0.9871772,0.9798457,0.9800295590970751,1.5690265,1.5313877,620,628,train
56,0.9643541,0.9864149,0.9871197,0.97985345,0.9800195495642903,1.5690233,1.5084647,620,628,train
57,0.9645242,0.98643345,0.98714674,0.9802369,0.9799999990841948,1.5690202,1.5533693,620,628,train
58,0.9647569,0.9856951,0.9870847,0.97964436,0.9799757903679248,1.5690169,1.528829,620,628,train
59,0.9648223,0.9865469,0.9870511,0.98004216,0.9799842365724978,1.5690138,1.5253425,620,628,train
60,0.9648434,0.9860453,0.9869828,0.97975796,0.9800034099363322,1.5690106,1.5239226,620,628,train
61,0.9645121,0.9854637,0.98691106,0.9794865,0.9799941237462585,1.5690074,1.529152,620,628,train
62,0.96422476,0.987041,0.9868933,0.98002315,0.9799938153179744,1.5690042,1.496926,620,628,train
63,0.9641417,0.986721,0.9868372,0.9799726,0.9799900623247267,1.569001,1.5123794,620,628,train
64,0.9641579,0.9861924,0.98676467,0.98001015,0.9799924207631581,1.5689977,1.5520884,620,628,train
65,0.9640947,0.9864931,0.9867219,0.98011345,0.9800018377151485,1.5689945,1.5472404,620,628,train
66,0.9640844,0.98629296,0.9866971,0.98009497,0.9800112854840457,1.5689913,1.5582035,620,628,train
67,0.9640682,0.98644125,0.98661476,0.9801051,0.9800161901690705,1.568988,1.5526478,620,628,train
68,0.964057,0.98694575,0.986529,0.9804473,0.9800193638906038,1.5689847,1.5655857,620,628,train
69,0.96402293,0.986379,0.98652077,0.98007107,0.9800148691611661,1.5689814,1.5551777,620,628,train
70,0.96398693,0.98632884,0.9864939,0.9799639,0.9800105046549636,1.5689782,1.5460057,620,628,train
71,0.96395946,0.9868436,0.9864868,0.9803298,0.9800191779293506,1.5689749,1.5588487,620,628,train
72,0.96392727,0.9858717,0.9863781,0.97992444,0.9800067245399758,1.5689715,1.5731452,620,628,train
73,0.96387035,0.9860971,0.98634773,0.9799393,0.9799953647687228,1.5689682,1.5618094,620,628,train
74,0.9638241,0.9859607,0.98628354,0.97982395,0.9799959771889306,1.5689648,1.558128,620,628,train
75,0.9638752,0.98659444,0.98626363,0.98018444,0.9800015332020942,1.5689615,1.5632771,620,628,train
76,0.963825,0.98554677,0.98620534,0.9796759,0.9799764045432354,1.568958,1.5681844,620,628,train
77,0.9637635,0.9867189,0.98619395,0.98015976,0.9799596031105238,1.5689547,1.5545818,620,628,train
78,0.9637467,0.9862205,0.9861014,0.9797572,0.9799430267562589,1.5689514,1.5392116,620,628,train
79,0.9637291,0.9860374,0.9860897,0.9799123,0.9799096197211676,1.5689479,1.5699351,620,628,train
80,0.9637229,0.985767,0.98602986,0.9797057,0.9798732955997398,1.5689445,1.5633265,620,628,train
81,0.9636759,0.98576844,0.9859177,0.97981036,0.9798472149109612,1.568941,1.5793806,620,628,train
82,0.96369,0.98605007,0.9858972,0.9801611,0.9798181320309063,1.5689375,1.6053116,620,628,train
83,0.9636787,0.9861324,0.9858608,0.9800223,0.9797943201434033,1.5689341,1.5842922,620,628,train
84,0.9636595,0.9860198,0.98581696,0.9799388,0.9797560192495722,1.5689306,1.5824181,620,628,train
85,0.96363336,0.9858533,0.9857718,0.9796979,0.9797294935868539,1.5689272,1.5646967,620,628,train
86,0.9636427,0.98602605,0.98573923,0.97992176,0.9796915039996754,1.5689237,1.5822595,620,628,train
87,0.96363115,0.98594546,0.9856595,0.97974896,0.9796743999062179,1.5689201,1.5685452,620,628,train
88,0.9636039,0.9864292,0.98565435,0.97998726,0.9796536231519231,1.5689167,1.5676602,620,628,train
89,0.9635885,0.985469,0.98556507,0.9795912,0.9796296790930202,1.5689131,1.581793,620,628,train
90,0.9636108,0.9855007,0.9855147,0.97938454,0.9796019162677134,1.5689095,1.5560553,620,628,train
91,0.963561,0.9860537,0.98548794,0.97943836,0.9795841047854301,1.568906,1.5289518,620,628,train
92,0.96349543,0.9854828,0.9853995,0.9792263,0.9795671759686996,1.5689024,1.5412631,620,628,train
93,0.96345264,0.9859574,0.98539484,0.97941077,0.9795529885336032,1.5688988,1.5343602,620,628,train
94,0.9634654,0.9855994,0.9853335,0.9791629,0.9795472456843352,1.5688952,1.5282091,620,628,train
95,0.96343935,0.98619837,0.9853003,0.97961026,0.9795299850951019,1.5688915,1.5465393,620,628,train
96,0.96341556,0.98555374,0.9852104,0.97949415,0.9795032199269904,1.568888,1.5752256,620,628,train
97,0.96340907,0.98535526,0.9851754,0.9793564,0.979491045994551,1.5688843,1.5718118,620,628,train
98,0.9634308,0.9853658,0.9851349,0.97929645,0.979478743365816,1.5688807,1.5650312,620,628,train
99,0.96339464,0.9855503,0.98505783,0.97934854,0.9794607491597689,1.568877,1.56219,620,628,train
100,0.9633597,0.9851095,0.9850213,0.97924614,0.9794519009934278,1.5688733,1.5782521,620,628,train
101,0.96329874,0.9853464,0.984986,0.9791268,0.9794344854245576,1.5688696,1.5499526,620,628,train
102,0.96328026,0.98529077,0.9849233,0.97921413,0.9794041155788447,1.5688658,1.5659671,620,628,train
103,0.9632067,0.98523885,0.9848696,0.9793835,0.9793835569001358,1.5688621,1.5915154,620,628,train
104,0.9632089,0.98598367,0.9848478,0.979735,0.9793484824997324,1.5688584,1.5886875,620,628,train
105,0.96309745,0.9857253,0.984809,0.9796994,0.9793315161278499,1.5688546,1.6016071,620,628,train
106,0.9631212,0.987479,0.9847863,0.9805257,0.9792948267317052,1.5688508,1.5939406,620,628,train
107,0.96308607,0.9852427,0.9846842,0.9794065,0.9792644536404018,1.5688471,1.5996121,620,628,train
108,0.9630312,0.98562384,0.98464704,0.97961944,0.9792533355076668,1.5688432,1.602997,620,628,train
109,0.96298957,0.98559207,0.9845562,0.9795212,0.9792562433432609,1.5688394,1.595674,620,628,train
110,0.962972,0.9854624,0.98455596,0.9794933,0.979259854239327,1.5688355,1.6003573,620,628,train
111,0.96291226,0.986027,0.9845183,0.97959286,0.9792337691357894,1.5688317,1.5784421,620,628,train
112,0.9628176,0.98533475,0.9844532,0.979092,0.9792224902126768,1.5688279,1.5623256,620,628,train
113,0.96279866,0.9854052,0.98439956,0.9791759,0.9792132033570145,1.5688239,1.5697906,620,628,train
114,0.9627951,0.98555636,0.98436,0.9791918,0.979200186717315,1.56882,1.5634816,620,628,train
115,0.96277416,0.985783,0.98432875,0.9793384,0.9791908434269936,1.5688162,1.568206,620,628,train
116,0.9627047,0.9854878,0.9842597,0.97909373,0.9791992080003803,1.5688123,1.5587636,620,628,train
117,0.9627172,0.98553085,0.98419344,0.97901934,0.979184005309807,1.5688083,1.5489715,620,628,train
118,0.9627158,0.985678,0.9841417,0.978899,0.9791481701303474,1.5688043,1.5266255,620,628,train
119,0.96261525,0.98546803,0.984097,0.978955,0.9791321722309987,1.5688003,1.5479017,620,628,train
120,0.9625872,0.9855518,0.9840187,0.9789852,0.9791005651983964,1.5687963,1.5487003,620,628,train
121,0.96252257,0.9857011,0.98399997,0.97920144,0.9790987196388362,1.5687923,1.5663915,620,628,train
122,0.96252954,0.9859297,0.98396873,0.9791189,0.97909038952487,1.5687883,1.5429647,620,628,train
123,0.9625436,0.9852655,0.9838776,0.97872216,0.9790631312808481,1.5687842,1.5386208,620,628,train
124,0.96251637,0.98561007,0.98384434,0.9788819,0.9790852335185598,1.5687802,1.5376467,620,628,train
125,0.9624873,0.98472047,0.98378956,0.97837305,0.9790629828234436,1.5687761,1.5325558,620,628,train
126,0.96248,0.98358464,0.9837084,0.9778417,0.9790478540335035,1.5687721,1.5408617,620,628,train
127,0.96246606,0.98577464,0.98365563,0.97892565,0.9790287488635175,1.5687679,1.5383592,620,628,train
128,0.9623847,0.9855901,0.98363316,0.97910225,0.9789904210531584,1.5687639,1.5721368,620,628,train
129,0.9623265,0.9855614,0.98358965,0.9792657,0.9789935535905273,1.5687597,1.5952035,620,628,train
130,0.9622976,0.9847445,0.9835372,0.9788353,0.978960566752723,1.5687555,1.5950954,620,628,train
131,0.9622323,0.9855572,0.98348016,0.9793345,0.9789810635627043,1.5687513,1.6071416,620,628,train
132,0.962224,0.98553455,0.98340935,0.97930145,0.9789401246803511,1.5687472,1.6066328,620,628,train
133,0.96216375,0.9858311,0.98336434,0.97910196,0.9789371402439658,1.568743,1.5650929,620,628,train
134,0.9621448,0.98439884,0.98328507,0.97854495,0.9789157473472948,1.5687387,1.5886872,620,628,train
135,0.9620831,0.9844079,0.9832487,0.97841704,0.9788874583745386,1.5687345,1.5735698,620,628,train
136,0.9620277,0.9854312,0.9832141,0.9792059,0.9788669987713887,1.5687302,1.607229,620,628,train
137,0.9619808,0.9852402,0.9831867,0.97901267,0.9788194231645072,1.568726,1.5963311,620,628,train
138,0.9619299,0.9850826,0.9831048,0.9788322,0.9787813203110878,1.5687217,1.5865353,620,628,train
139,0.96189237,0.9857795,0.9830785,0.97929794,0.9787373290739172,1.5687174,1.600799,620,628,train
140,0.96182984,0.9849702,0.98299444,0.97887236,0.9786883212949635,1.568713,1.6017566,620,628,train
141,0.96181256,0.9836161,0.98293585,0.97797835,0.9786355793293647,1.5687087,1.5786709,620,628,train
142,0.96177816,0.9849278,0.9829066,0.9787241,0.9786049882920829,1.5687042,1.5889021,620,628,train
143,0.96179074,0.98596084,0.9828633,0.9792156,0.9785533216537334,1.5686998,1.5858543,620,628,train
144,0.96177953,0.9855268,0.98278415,0.97873104,0.9784964096918869,1.5686955,1.556045,620,628,train
145,0.96175516,0.98603773,0.98276186,0.97899175,0.9784434131432116,1.568691,1.5567201,620,628,train
146,0.96167547,0.9846175,0.982664,0.97839946,0.9783689944727011,1.5686866,1.5758125,620,628,train
147,0.9616139,0.97887754,0.98258686,0.97524995,0.9783324647450184,1.5686822,1.5511265,620,628,train
148,0.9615773,0.98592484,0.9825876,0.9789605,0.9783300759433067,1.5686777,1.5651451,620,628,train
149,0.961556,0.9825804,0.9825221,0.9770727,0.9782377597904705,1.5686731,1.5449088,620,628,train
150,0.9615206,0.98552334,0.9824717,0.978436,0.9781989288407108,1.5686687,1.529519,620,628,train
151,0.961484,0.98450816,0.98243403,0.9779935,0.9781473608404948,1.5686642,1.5398664,620,628,train
152,0.96142447,0.9840565,0.982353,0.9778395,0.9780729894079042,1.5686595,1.5516303,620,628,train
153,0.96132344,0.98511666,0.98234314,0.9784611,0.9780190489486849,1.568655,1.5617867,620,628,train
154,0.9613556,0.9824295,0.9822619,0.9770645,0.9779771859560485,1.5686504,1.5610831,620,628,train
155,0.9613651,0.9856149,0.9822367,0.97855556,0.9779505745754542,1.5686458,1.5454441,620,628,train
156,0.9613113,0.98173505,0.9821292,0.97662127,0.9778769176749584,1.5686412,1.554178,620,628,train
157,0.96126646,0.9850171,0.98211944,0.9782263,0.9778668031154656,1.5686365,1.5459747,620,628,train
158,0.96121955,0.98206806,0.98204124,0.9768616,0.9778353243889859,1.5686319,1.565415,620,628,train
159,0.961192,0.9835222,0.982013,0.97754765,0.97779131089171,1.5686271,1.559428,620,628,train
160,0.9611526,0.98339033,0.9819795,0.9776354,0.9777435952235662,1.5686225,1.5793679,620,628,train
161,0.96107084,0.98256797,0.98189366,0.97726965,0.9776776627091714,1.5686177,1.588519,620,628,train
162,0.9610432,0.98415196,0.981837,0.97830445,0.9776541876907201,1.5686129,1.617923,620,628,train
163,0.9609512,0.98310804,0.9817998,0.977492,0.9776075318603672,1.5686082,1.584816,620,628,train
164,0.96088916,0.9830152,0.9817502,0.9776966,0.9775706506571264,1.5686034,1.6171032,620,628,train
165,0.9608725,0.9839324,0.98169863,0.9778608,0.9775748135641086,1.5685985,1.5815073,620,628,train
166,0.9608476,0.9840732,0.98163563,0.97818637,0.9775592194221333,1.5685937,1.6144046,620,628,train
167,0.9609083,0.98249376,0.98154336,0.9771762,0.9775052599605498,1.5685889,1.5921819,620,628,train
168,0.96103,0.9830936,0.98152363,0.9777402,0.977537631992556,1.568584,1.6243107,620,628,train
169,0.96102273,0.9835366,0.9814719,0.9777711,0.9775489373691197,1.5685791,1.6019946,620,628,train
170,0.96098566,0.98317945,0.98142177,0.9776628,0.9775352901438974,1.5685741,1.6125301,620,628,train
171,0.96081257,0.9848722,0.9813622,0.978474,0.9775536519319469,1.5685692,1.6079053,620,628,train
172,0.9606701,0.98258376,0.98127896,0.97747177,0.9775532281555998,1.5685642,1.6305993,620,628,train
173,0.9606072,0.9797517,0.98124284,0.9760909,0.977535638646581,1.5685592,1.639526,620,628,train
174,0.9605428,0.9848985,0.98123,0.9786939,0.9775855626027525,1.5685542,1.6370937,620,628,train
175,0.9606392,0.98210406,0.9811488,0.9770687,0.9775709387559185,1.5685492,1.6151329,620,628,train
176,0.960738,0.98160815,0.98109686,0.97681373,0.9775572626457524,1.568544,1.6164463,620,628,train
177,0.96078074,0.9838238,0.9810523,0.97814834,0.9775301979193771,1.568539,1.6427453,620,628,train
178,0.96078384,0.9774969,0.9809759,0.97484064,0.9775026379704657,1.5685339,1.6353165,620,628,train
179,0.9606973,0.98258543,0.98090917,0.9772489,0.9775435875832481,1.5685288,1.6142961,620,628,train
180,0.96062136,0.98180795,0.9808739,0.9768966,0.9774839536066526,1.5685236,1.620767,620,628,train
181,0.9605514,0.98406523,0.98082244,0.9781396,0.9774800701984585,1.5685184,1.6334653,620,628,train
182,0.9603596,0.9812268,0.98074293,0.9765442,0.9774015514685012,1.5685133,1.6178522,620,628,train
183,0.96022356,0.98267484,0.9807044,0.9772748,0.9773700191155272,1.568508,1.6179972,620,628,train
184,0.96019346,0.98363507,0.9806496,0.9776398,0.977325161269295,1.5685028,1.60436,620,628,train
185,0.96015245,0.9828752,0.9805793,0.9772865,0.9772709134767056,1.5684975,1.6106665,620,628,train
186,0.9600993,0.9839481,0.9805399,0.9778136,0.9772446348109692,1.5684922,1.6093558,620,628,train
187,0.96005476,0.98301876,0.980456,0.9772701,0.9772045157034316,1.5684868,1.6033871,620,628,train
188,0.96003026,0.9844437,0.98044074,0.97806543,0.9772177601284866,1.5684816,1.6121937,620,628,train
189,0.95993626,0.98414445,0.98038006,0.97777766,0.977154238304637,1.5684762,1.5974894,620,628,train
190,0.95988274,0.9827339,0.98030806,0.9770098,0.9771393664860634,1.5684707,1.593743,620,628,train
191,0.9598026,0.98333764,0.98027885,0.9773938,0.977112199595148,1.5684654,1.6039073,620,628,train
192,0.959783,0.9845679,0.9802284,0.97791,0.9771143352219152,1.5684599,1.5917844,620,628,train
193,0.9597579,0.9799745,0.9801432,0.97565883,0.9770602927669156,1.5684544,1.60564,620,628,train
194,0.95977944,0.98286474,0.980077,0.9768298,0.9770251243794015,1.5684489,1.570486,620,628,train
195,0.95987743,0.9836379,0.9800401,0.97733974,0.9769904972764244,1.5684434,1.5857002,620,628,train
196,0.95996046,0.9819542,0.97999823,0.97663546,0.9769500236624012,1.5684378,1.6058638,620,628,train
197,0.95993066,0.98257107,0.9799156,0.97672397,0.9769469391919003,1.5684322,1.5806843,620,628,train
198,0.959795,0.9840652,0.97997224,0.9774524,0.9768959176267734,1.5684266,1.5748404,620,628,train
199,0.95966226,0.98088324,0.9798004,0.97571445,0.9768061594972709,1.568421,1.5659958,620,628,train
200,0.95955,0.980922,0.9797387,0.9757885,0.9768234576700077,1.5684154,1.5744714,620,628,train
201,0.9594812,0.98312354,0.97967863,0.97697735,0.9767720790993984,1.5684097,1.5842694,620,628,train
202,0.9596153,0.98351026,0.97972983,0.9770729,0.9767100454340532,1.568404,1.5702994,620,628,train
203,0.95978516,0.98284066,0.9796435,0.9769681,0.9766731064420241,1.5683982,1.6018332,620,628,train
204,0.9598629,0.9794415,0.9795201,0.97516775,0.9766384084571907,1.5683925,1.5974679,620,628,train
205,0.9598912,0.98302865,0.97951996,0.97703207,0.9766514012733934,1.5683867,1.6016159,620,628,train
206,0.9598777,0.98247266,0.9794532,0.97664285,0.9765840257808931,1.5683808,1.5907115,620,628,train
207,0.95982164,0.9834743,0.97945654,0.9772356,0.9766407051146501,1.568375,1.6005948,620,628,train
208,0.9597287,0.983436,0.97939765,0.97727317,0.9765698368688104,1.5683692,1.6093405,620,628,train
209,0.9595901,0.9757079,0.9792959,0.9734201,0.9765069249486208,1.5683632,1.6234459,620,628,train
210,0.9593048,0.9831544,0.97920966,0.9772287,0.9765133414657878,1.5683573,1.627077,620,628,train
211,0.9591442,0.98144615,0.9792149,0.97634864,0.9764142883585465,1.5683514,1.6258869,620,628,train
212,0.95906454,0.98177767,0.97916317,0.9763255,0.9763613119895042,1.5683453,1.6039338,620,628,train
213,0.959032,0.9797258,0.9790821,0.97540736,0.9763766228119675,1.5683393,1.622107,620,628,train
214,0.9589829,0.98342764,0.979079,0.9771766,0.976440428364403,1.5683333,1.6075633,620,628,train
215,0.95891047,0.9803817,0.9789795,0.9756853,0.9763513766327683,1.5683272,1.6182239,620,628,train
216,0.958873,0.98098016,0.97892046,0.9761709,0.976230561028485,1.5683211,1.6420263,620,628,train
217,0.95883155,0.9796156,0.9789336,0.97544646,0.9761986028537942,1.5683149,1.6381903,620,628,train
218,0.9587533,0.98141956,0.9787121,0.97624254,0.976110905138149,1.5683087,1.6295917,620,628,train
219,0.9587568,0.98143935,0.978722,0.9760981,0.9759802406226985,1.5683025,1.6104087,620,628,train
220,0.9587694,0.9748024,0.9786396,0.9728364,0.9758419828786372,1.5682963,1.6281958,620,628,train
221,0.95875907,0.9813473,0.97872674,0.9761895,0.9757380966000645,1.5682901,1.6271808,620,628,train
222,0.9588192,0.9807532,0.97856605,0.9757855,0.97573150940184,1.5682838,1.6196533,620,628,train
223,0.95891756,0.98240066,0.9786802,0.97648925,0.9756055175333089,1.5682775,1.5995005,620,628,train
224,0.95890325,0.9818259,0.9787047,0.9763305,0.9756164652280006,1.568271,1.6152254,620,628,train
225,0.95873135,0.979326,0.9785621,0.9752103,0.9754509188091336,1.5682647,1.6384854,620,628,train
226,0.95853156,0.9806007,0.97837704,0.97589356,0.975311850281784,1.5682583,1.6480203,620,628,train
227,0.9584192,0.9811262,0.9782158,0.9758716,0.9752405582339458,1.5682518,1.6173729,620,628,train
228,0.95833516,0.98221874,0.97822905,0.9763898,0.9751342456633131,1.5682453,1.6121687,620,628,train
229,0.9583317,0.98088586,0.9780763,0.9757354,0.9751651821129478,1.5682387,1.6198802,620,628,train
230,0.9584158,0.97651243,0.9780377,0.973653,0.9750267129154383,1.5682322,1.6393038,620,628,train
231,0.9585124,0.98054194,0.9780847,0.97575134,0.9749417433277003,1.5682256,1.6430389,620,628,train
232,0.95854974,0.974253,0.9780185,0.97250485,0.9749202735669725,1.5682191,1.6404978,620,628,train
233,0.9584717,0.9788811,0.97785026,0.9748636,0.974886802793294,1.5682124,1.645119,620,628,train
234,0.958453,0.9714918,0.97790027,0.97114086,0.9748673758076392,1.5682057,1.649585,620,628,train
235,0.958409,0.97545207,0.9778263,0.972916,0.9748236321938872,1.5681989,1.6216816,620,628,train
236,0.95832425,0.9811666,0.97788155,0.9760107,0.9747361174490701,1.5681921,1.6418406,620,628,train
237,0.958102,0.97942567,0.97771335,0.9750926,0.9746795933568655,1.5681853,1.6432266,620,628,train
238,0.9579825,0.9730825,0.9776299,0.97197634,0.9746254723394094,1.5681785,1.6605406,620,628,train
239,0.9579197,0.97075427,0.9775444,0.97048366,0.9746367151911072,1.5681716,1.6258975,620,628,train
240,0.95786417,0.9795579,0.9776815,0.9751454,0.9745407252366164,1.5681647,1.6423883,620,628,train
241,0.9578023,0.98062336,0.9776727,0.9756477,0.9743957980299572,1.5681578,1.637588,620,628,train
242,0.9577469,0.9752189,0.97749925,0.97297734,0.9742797280740737,1.5681509,1.653505,620,628,train
243,0.9576924,0.98024035,0.97737885,0.975438,0.9741534081228065,1.5681438,1.6446204,620,628,train
244,0.9576183,0.9785607,0.9774513,0.9747183,0.9741164985800539,1.5681368,1.6592622,620,628,train
245,0.95757407,0.98166966,0.9775871,0.97619855,0.9740204411445567,1.5681297,1.6422157,620,628,train
246,0.9575482,0.980883,0.9775038,0.97587925,0.9739186337165221,1.5681225,1.6547483,620,628,train
247,0.957539,0.9733013,0.9771825,0.9717738,0.9738522503566931,1.5681154,1.6354871,620,628,train
248,0.9574961,0.9811009,0.9772501,0.9757669,0.9738019829700854,1.5681082,1.6349849,620,628,train
249,0.95750266,0.97344977,0.97707117,0.97180825,0.9737867970380447,1.5681009,1.6337622,620,628,train
250,0.9576062,0.9816356,0.97730076,0.9759628,0.9736880434296636,1.5680937,1.6240772,620,628,train
251,0.9576706,0.9803554,0.9771911,0.97522426,0.9735816409950622,1.5680863,1.6169236,620,628,train
252,0.95753247,0.97802114,0.9769949,0.97415257,0.9735491243560769,1.568079,1.6373931,620,628,train
253,0.95736957,0.9812272,0.9772209,0.9756591,0.9735256260690113,1.5680715,1.6147906,620,628,train
254,0.9572029,0.97199136,0.9770833,0.97081393,0.9734989635987213,1.5680641,1.6028625,620,628,train
255,0.95715755,0.9791256,0.97685486,0.9743969,0.9735692026172178,1.5680566,1.6025435,620,628,train
256,0.9569582,0.97982717,0.9767533,0.974464,0.9734386376512041,1.5680491,1.5700155,620,628,train
257,0.9571797,0.97403383,0.97660327,0.97185415,0.9734204128084343,1.5680416,1.6169018,620,628,train
258,0.95727265,0.9758791,0.9768406,0.97266406,0.9733084829917978,1.5680339,1.5936961,620,628,train
259,0.9573175,0.97495145,0.97664976,0.9721636,0.9733893462449208,1.5680263,1.5960926,620,628,train
260,0.9572349,0.97458583,0.976718,0.97184753,0.9733604674954845,1.5680186,1.5782341,620,628,train
261,0.9572625,0.9790871,0.97680223,0.97427803,0.9732969795275697,1.5680108,1.5919822,620,628,train
262,0.95721984,0.97594774,0.97650576,0.9724799,0.9733247946117406,1.568003,1.5769022,620,628,train
263,0.95716727,0.97509027,0.9764837,0.97224987,0.9732583672811833,1.5679952,1.6029297,620,628,train
264,0.95704335,0.96797276,0.9763348,0.96854687,0.9730919287151572,1.5679873,1.5988764,620,628,train
265,0.9568157,0.9783617,0.9762621,0.97364986,0.972850656233424,1.5679795,1.5765793,620,628,train
266,0.95675063,0.97934556,0.97611874,0.9741169,0.9728230046330387,1.5679715,1.5765829,620,628,train
267,0.9566883,0.9786689,0.97623897,0.97386026,0.9727791344156136,1.5679635,1.5838258,620,628,train
268,0.95662516,0.97836614,0.9762757,0.97366863,0.9726950364902834,1.5679554,1.578197,620,628,train
269,0.9565734,0.9736735,0.9758549,0.9714023,0.9727799600376219,1.5679474,1.6065079,620,628,train
270,0.95650107,0.97762406,0.9760761,0.973291,0.9727431136785741,1.5679392,1.5842937,620,628,train
271,0.9564749,0.97845256,0.97596574,0.97375286,0.9726988591692171,1.567931,1.5923563,620,628,train
272,0.95639145,0.96476686,0.9756458,0.96656436,0.9726641164562614,1.5679228,1.5771968,620,628,train
273,0.95633274,0.97515666,0.9758082,0.97203267,0.972542045008345,1.5679145,1.5924171,620,628,train
274,0.9562961,0.9743571,0.97562695,0.9715572,0.9725102051680923,1.5679061,1.5896062,620,628,train
275,0.95623636,0.9803287,0.9758647,0.97457796,0.9723965422872418,1.5678978,1.5791947,620,628,train
276,0.95617145,0.97934115,0.9761482,0.97421414,0.9724435259195144,1.5678893,1.5878558,620,628,train
277,0.9562171,0.9766483,0.97564787,0.97267056,0.972404075577738,1.5678809,1.5821209,620,628,train
278,0.95625436,0.9766227,0.975595,0.97254497,0.9724352039519257,1.5678724,1.5699457,620,628,train
279,0.95622474,0.9786261,0.97565603,0.9735303,0.9724617685306762,1.5678638,1.5635735,620,628,train
280,0.9560626,0.9710088,0.9753649,0.96968246,0.9722961881168157,1.5678551,1.5772032,620,628,train
281,0.95600593,0.98007935,0.9758997,0.97434855,0.9722452080895742,1.5678465,1.5656667,620,628,train
282,0.955973,0.9773425,0.9755383,0.9729003,0.9721174077117053,1.5678377,1.5701611,620,628,train
283,0.9558526,0.9773546,0.9754627,0.9728487,0.9720290533742608,1.567829,1.5653645,620,628,train
284,0.95585924,0.9682126,0.97507095,0.9681441,0.9718989325964411,1.5678202,1.5724368,620,628,train
285,0.9558365,0.97536814,0.97518903,0.9718184,0.9717563019324842,1.5678113,1.571534,620,628,train
286,0.95595425,0.9727955,0.97534597,0.97050244,0.9717622823956843,1.5678023,1.5665168,620,628,train
287,0.95599174,0.97233796,0.9750371,0.9701898,0.9717127992052561,1.5677934,1.5660722,620,628,train
288,0.95602256,0.9770589,0.9752262,0.97261274,0.971583535604845,1.5677843,1.5620328,620,628,train
289,0.95600355,0.9776126,0.9754689,0.9729248,0.9714565900120445,1.5677751,1.5583904,620,628,train
290,0.95598435,0.9789655,0.97532636,0.97365123,0.9711892714913142,1.5677661,1.5670316,620,628,train
291,0.9559364,0.9738359,0.9751701,0.9708444,0.9711182177324476,1.5677568,1.5486528,620,628,train
292,0.9556902,0.9757334,0.97510326,0.9720435,0.9709590055650239,1.5677476,1.5788217,620,628,train
293,0.95546025,0.9737387,0.9745439,0.970683,0.9708674884025345,1.5677382,1.5536896,620,628,train
294,0.9554348,0.965888,0.97473013,0.96685594,0.9707358437566164,1.5677289,1.5702397,620,628,train
295,0.95537794,0.972322,0.9743644,0.9698524,0.9706098652822209,1.5677195,1.5459262,620,628,train
296,0.95529807,0.9754734,0.9746109,0.9717676,0.9705092526944931,1.5677099,1.5760236,620,628,train
297,0.95527244,0.97547287,0.9745482,0.97163177,0.970431492046134,1.5677004,1.561329,620,628,train
298,0.9551731,0.97292185,0.97445023,0.9704618,0.9703436848660706,1.5676907,1.5804063,620,628,train
299,0.9550457,0.9748633,0.9745266,0.97134775,0.9702109419375073,1.5676811,1.5652916,620,628,train
300,0.9550602,0.9724153,0.9742189,0.9701125,0.9700475199330001,1.5676713,1.5762362,620,628,train
301,0.95499235,0.9693458,0.9740793,0.9685352,0.970068225292409,1.5676615,1.5791371,620,628,train
302,0.95492834,0.9740803,0.9741908,0.97090155,0.9700778971892977,1.5676516,1.5696295,620,628,train
303,0.9548891,0.96727824,0.97395074,0.96735775,0.970013963700661,1.5676417,1.5680944,620,628,train
304,0.95480645,0.9698932,0.97399616,0.96882915,0.9699367070274011,1.5676317,1.5834012,620,628,train
305,0.95463663,0.9725919,0.9739362,0.97031754,0.969909728178211,1.5676217,1.598721,620,628,train
306,0.9547071,0.97196543,0.9739108,0.96982217,0.9697974232326297,1.5676116,1.5780174,620,628,train
307,0.9544201,0.97801906,0.9742146,0.97294325,0.9698152095845399,1.5676014,1.5727433,620,628,train
308,0.95464164,0.97058797,0.9737356,0.9691463,0.9698091998691749,1.5675912,1.586592,620,628,train
309,0.9546536,0.97443247,0.9738035,0.9711933,0.969819979372355,1.5675809,1.5948825,620,628,train
310,0.95459694,0.9747091,0.973804,0.9711795,0.9696884197746735,1.5675706,1.575925,620,628,train
311,0.95449036,0.9629719,0.9734446,0.9652381,0.9696536088435681,1.5675601,1.59287,620,628,train
312,0.95449275,0.9704528,0.97344446,0.9689995,0.9695979863882288,1.5675496,1.5857854,620,628,train
313,0.95450675,0.9721643,0.9734421,0.96991575,0.9695516631080244,1.567539,1.5910491,620,628,train
314,0.9544836,0.9712231,0.97376287,0.9694886,0.9696300162966757,1.5675284,1.5879831,620,628,train
315,0.9544687,0.97245634,0.97332776,0.9700733,0.9696559791316441,1.5675176,1.5954984,620,628,train
316,0.9544492,0.96869516,0.9731939,0.9680463,0.9697571651560439,1.5675069,1.586433,620,628,train
317,0.9539157,0.9759279,0.9731904,0.9717705,0.9697707516317544,1.5674961,1.5904455,620,628,train
318,0.954371,0.96253115,0.97314227,0.9646916,0.9698611888902262,1.5674851,1.5626218,620,628,train
319,0.95400834,0.9752258,0.9730928,0.97126925,0.9699030155225303,1.5674741,1.5758959,620,628,train
320,0.9540045,0.9711698,0.97306484,0.96892375,0.9698092866644137,1.567463,1.5431377,620,628,train
321,0.9538506,0.9601331,0.97270477,0.9633563,0.9698063576825299,1.5674518,1.5621573,620,628,train
322,0.95390034,0.9730696,0.97284496,0.96991926,0.969878060763318,1.5674406,1.5528286,620,628,train
323,0.95384026,0.9725051,0.97265095,0.9696919,0.9699653430636563,1.5674293,1.566061,620,628,train
324,0.9537929,0.9742385,0.97275674,0.9705491,0.9700435597350032,1.567418,1.5595232,620,628,train
325,0.95375293,0.97585905,0.9727081,0.97135866,0.9701225236481631,1.5674065,1.5588131,620,628,train
326,0.9536832,0.9701121,0.9725553,0.9684325,0.9702349288681734,1.567395,1.5643044,620,628,train
327,0.953471,0.9705521,0.9724511,0.96878725,0.9702368390924749,1.5673834,1.5833105,620,628,train
328,0.95358646,0.97307026,0.9723169,0.9700997,0.9702951024079546,1.5673717,1.5906085,620,628,train
329,0.9535318,0.97495157,0.9723227,0.97084624,0.9702599997382437,1.5673599,1.5643041,620,628,train
330,0.9534854,0.9746119,0.9722304,0.970706,0.9702712708646493,1.5673481,1.57112,620,628,train
331,0.95372635,0.97316486,0.9721607,0.9699826,0.9703383193720276,1.5673361,1.5750663,620,628,train
332,0.95409757,0.9660615,0.9719813,0.96642137,0.9703388817718026,1.5673242,1.5884042,620,628,train
333,0.9542851,0.9741925,0.9720358,0.97059596,0.9704431185525262,1.567312,1.5896398,620,628,train
334,0.9538157,0.9688262,0.9718417,0.9676421,0.9704381412804958,1.5672998,1.5692613,620,628,train
335,0.9540679,0.9751828,0.97184014,0.97080874,0.9705349016050054,1.5672876,1.5597123,620,628,train
336,0.9540836,0.9757575,0.97183216,0.9713039,0.9706064536956407,1.5672752,1.5846096,620,628,train
337,0.95406634,0.9754288,0.9716959,0.9710486,0.9704975064374293,1.5672628,1.5779932,620,628,train
338,0.95420533,0.9737929,0.9715513,0.97053844,0.9705157020199336,1.5672503,1.6220117,620,628,train
339,0.95403075,0.9709299,0.97150797,0.9688442,0.9705433628197584,1.5672376,1.594869,620,628,train
340,0.9544268,0.9758636,0.97162795,0.9714188,0.9704988505330372,1.5672249,1.5981323,620,628,train
341,0.9545452,0.9742671,0.9712875,0.9703455,0.9704760732273945,1.5672121,1.5767257,620,628,train
342,0.954342,0.9750272,0.971213,0.97103834,0.9703876230559308,1.5671992,1.6162021,620,628,train
343,0.95439047,0.97337604,0.97111106,0.969972,0.9704029910920489,1.5671862,1.5919411,620,628,train
344,0.9544859,0.9741609,0.9710116,0.97054744,0.9703505912851119,1.5671731,1.6162736,620,628,train
345,0.95428544,0.97532886,0.9708948,0.9712165,0.9703629853034051,1.56716,1.6286666,620,628,train
346,0.95413935,0.97510767,0.9708121,0.970969,0.9702923509533796,1.5671467,1.6146942,620,628,train
347,0.953864,0.97472835,0.97070557,0.9705994,0.9702382788951943,1.5671333,1.5963634,620,628,train
348,0.95319444,0.9740708,0.9706049,0.970296,0.970196465496366,1.5671198,1.603314,620,628,train
349,0.95332146,0.9729389,0.97051036,0.9695756,0.9701293964002802,1.5671064,1.5887045,620,628,train
350,0.9530579,0.9747008,0.97040945,0.9705861,0.9701254714461001,1.5670927,1.6052967,620,628,train
351,0.9531915,0.9700388,0.9703261,0.9682058,0.9701737443769676,1.5670788,1.6077465,620,628,train
352,0.9530779,0.96735966,0.97023314,0.9669474,0.9700379236918474,1.567065,1.6238939,620,628,train
353,0.95286155,0.97464657,0.97010577,0.9704634,0.9699147061374317,1.567051,1.6027609,620,628,train
354,0.95301455,0.97324336,0.97005713,0.96991825,0.9698319816948823,1.567037,1.6251274,620,628,train
355,0.9529644,0.97296226,0.9699577,0.9693213,0.9698010038261693,1.5670228,1.5726819,620,628,train
356,0.9523393,0.9709623,0.9698235,0.96857744,0.969736034946975,1.5670085,1.6105602,620,628,train
357,0.9524605,0.97433627,0.96977043,0.9701859,0.9696193584653293,1.5669941,1.5982053,620,628,train
358,0.9524756,0.97400177,0.96960735,0.9700451,0.9695075898940472,1.5669795,1.6067499,620,628,train
359,0.9524331,0.97458327,0.9695124,0.9701493,0.9693982357827311,1.566965,1.5860404,620,628,train
360,0.9527937,0.97135884,0.9693656,0.96863586,0.9692954040131869,1.5669502,1.6066273,620,628,train
361,0.9524461,0.97339445,0.96928525,0.96951795,0.9692103515953924,1.5669353,1.5898359,620,628,train
362,0.9525273,0.97288346,0.9690715,0.96921945,0.9691446202751941,1.5669204,1.5916158,620,628,train
363,0.95250225,0.9702298,0.9691241,0.9677914,0.9690416554783003,1.5669053,1.5810964,620,628,train
364,0.952028,0.97042954,0.96917284,0.96783525,0.9689382914373474,1.5668901,1.5725341,620,628,train
365,0.9524188,0.9737215,0.9688612,0.9695352,0.9688000687899441,1.5668747,1.5842037,620,628,train
366,0.9525921,0.97368795,0.96857035,0.9692164,0.96872379528483,1.5668594,1.5560211,620,628,train
367,0.95261383,0.97293913,0.96862805,0.9690661,0.9686438950796232,1.5668437,1.5826421,620,628,train
368,0.95273626,0.9734843,0.96848166,0.96907026,0.968603762183727,1.5668281,1.5535259,620,628,train
369,0.95255315,0.9740071,0.9682914,0.9692863,0.9685114926990772,1.5668123,1.5529929,620,628,train
370,0.9525439,0.97260076,0.9682905,0.96857417,0.9684319369098643,1.5667963,1.553729,620,628,train
371,0.95259446,0.9733856,0.9680873,0.9688485,0.968383568423094,1.5667803,1.5443653,620,628,train
372,0.9526248,0.9737092,0.96802497,0.9689968,0.9683405383936816,1.5667641,1.5441587,620,628,train
373,0.9521119,0.9725281,0.96755385,0.96835893,0.9683019370721354,1.5667478,1.5539558,620,628,train
374,0.9522072,0.973559,0.9677065,0.96872413,0.9682386451667665,1.5667313,1.5297207,620,628,train
375,0.9519668,0.96983576,0.96789134,0.9671286,0.9681646630956553,1.5667148,1.5614961,620,628,train
376,0.9517678,0.9671813,0.9677792,0.9657549,0.968111926661331,1.566698,1.5626017,620,628,train
377,0.95159906,0.9724437,0.9678931,0.9686316,0.9680130945215455,1.5666811,1.5824149,620,628,train
378,0.9509241,0.9560202,0.9677141,0.96005213,0.9679675883362493,1.5666641,1.5640975,620,628,train
379,0.9515225,0.9712095,0.96800363,0.9676629,0.9679157031092835,1.5666469,1.537736,620,628,train
380,0.95092934,0.9690099,0.96713865,0.9663204,0.9678613654527254,1.5666296,1.5367575,620,628,train
381,0.9511476,0.9703742,0.9668665,0.9670268,0.9678042725208683,1.5666122,1.5460843,620,628,train
382,0.9510207,0.9721714,0.9665595,0.9678429,0.9677339126999888,1.5665947,1.5428483,620,628,train
383,0.9510726,0.97276807,0.96671665,0.9681283,0.9677069120321694,1.566577,1.5358158,620,628,train
384,0.9510936,0.97218883,0.9665123,0.96810395,0.9676797402836692,1.5665591,1.5750731,620,628,train
385,0.9507623,0.97170275,0.96678305,0.9678247,0.9677012424192954,1.5665411,1.5631902,620,628,train
386,0.9511088,0.9709927,0.9666121,0.96745193,0.9676424495042137,1.5665228,1.5670397,620,628,train
387,0.95127034,0.97111815,0.96577954,0.9673102,0.9676569164407979,1.5665045,1.5667604,620,628,train
388,0.9511772,0.97318566,0.966357,0.96848905,0.9676420670902417,1.566486,1.5645875,620,628,train
389,0.9506496,0.9729835,0.96582556,0.968197,0.967521920948361,1.5664674,1.5573843,620,628,train
390,0.95085216,0.9718789,0.96697915,0.9676037,0.9674288360415506,1.5664486,1.5193448,620,628,train
391,0.950421,0.97267115,0.96657026,0.9680851,0.967377334426077,1.5664295,1.5409564,620,628,train
392,0.95034784,0.9707217,0.9658687,0.96728045,0.967332390898421,1.5664104,1.5851904,620,628,train
393,0.9499639,0.96991014,0.9653989,0.96661466,0.9672824050627216,1.5663911,1.5685066,620,628,train
394,0.9507829,0.9714286,0.96615994,0.96730196,0.9672579628489111,1.5663716,1.5350345,620,628,train
395,0.9507348,0.97179997,0.9649918,0.96749294,0.9672251213309272,1.5663519,1.5700775,620,628,train
396,0.9507168,0.97149086,0.964813,0.9672965,0.9671952155411729,1.5663321,1.5707047,620,628,train
397,0.9507034,0.97127163,0.96486425,0.96709096,0.9671696127979675,1.5663121,1.557735,620,628,train
398,0.95095235,0.97063935,0.9644947,0.96670574,0.9671538576482521,1.5662918,1.5611466,620,628,train
399,0.9506923,0.97126496,0.9651005,0.9673637,0.9670956672653985,1.5662714,1.5844166,620,628,train
400,0.950736,0.9709693,0.9644965,0.9670904,0.9670742943080467,1.5662509,1.5875022,620,628,train
401,0.95043707,0.97141874,0.96519554,0.9675302,0.9669944221493841,1.5662302,1.5923325,620,628,train
402,0.9501358,0.96974826,0.96488476,0.9667124,0.9668692414745657,1.5662092,1.605895,620,628,train
403,0.9501753,0.97025764,0.9647107,0.966616,0.9668378479758829,1.5661881,1.5675303,620,628,train
404,0.94957334,0.9715078,0.9646827,0.96743894,0.9667932066026932,1.5661668,1.5909332,620,628,train
405,0.9498274,0.97095156,0.96588504,0.967237,0.9667117160096376,1.5661452,1.5650624,620,628,train
406,0.9497299,0.97053015,0.9648433,0.9668442,0.9666201612892961,1.5661235,1.5744658,620,628,train
407,0.94969183,0.9701754,0.9641136,0.9664737,0.9665525429837091,1.5661016,1.5731213,620,628,train
408,0.9492179,0.9644294,0.96233875,0.9632376,0.9664876593539131,1.5660794,1.5891826,620,628,train
409,0.9492653,0.9699535,0.96457905,0.9666739,0.9664725442672761,1.566057,1.5975177,620,628,train
410,0.94920516,0.96741474,0.9646162,0.9652069,0.9664069648404338,1.5660344,1.5755465,620,628,train
411,0.949186,0.9702478,0.9637852,0.9663598,0.9663565355658341,1.5660117,1.5644813,620,628,train
412,0.94926864,0.9667048,0.9631765,0.9646041,0.966292813179625,1.5659887,1.5891774,620,628,train
413,0.94901043,0.9683848,0.96229255,0.965115,0.9662738441367709,1.5659654,1.5731939,620,628,train
414,0.949027,0.9708998,0.9656067,0.96718484,0.966237236423115,1.565942,1.5702281,620,628,train
415,0.948839,0.96990335,0.96461934,0.96622115,0.9661987709208826,1.5659183,1.5441241,620,628,train
416,0.94921273,0.97018933,0.96405655,0.9665417,0.9661406799632586,1.5658944,1.582254,620,628,train
417,0.9490633,0.9690032,0.96477973,0.9661843,0.966115463194184,1.5658703,1.5909867,620,628,train
418,0.94864047,0.96922636,0.96448684,0.96634656,0.9660565306714668,1.5658458,1.6056342,620,628,train
419,0.94825757,0.96940684,0.9623753,0.96557426,0.9659851199948729,1.5658213,1.5630676,620,628,train
420,0.94836444,0.96961343,0.9638196,0.96619725,0.9659349414245727,1.5657964,1.5831738,620,628,train
421,0.9482941,0.9691137,0.96196485,0.9654734,0.965943443059346,1.5657712,1.5812943,620,628,train
422,0.9485938,0.9685068,0.9643376,0.96561366,0.9658822740791994,1.5657458,1.5654302,620,628,train
423,0.948575,0.96868306,0.9630002,0.9655098,0.9658317785602655,1.5657202,1.581688,620,628,train
424,0.9482173,0.9692137,0.96481633,0.9664513,0.9657483978793395,1.5656943,1.6093786,620,628,train
425,0.9482771,0.9681989,0.96462655,0.9657202,0.965672462506951,1.5656682,1.5890205,620,628,train
426,0.94835365,0.9687849,0.9645308,0.9661277,0.965605613469718,1.5656418,1.6051183,620,628,train
427,0.9478275,0.9690912,0.96452475,0.96606094,0.9655726235159313,1.565615,1.5780327,620,628,train
428,0.9480728,0.96887326,0.96249294,0.96562934,0.9655626167562089,1.565588,1.5995739,620,628,train
429,0.9478519,0.96852046,0.96274847,0.96562916,0.9654647459200373,1.5655608,1.6139278,620,628,train
430,0.9477956,0.9693651,0.9645686,0.966527,0.9654538101627455,1.5655332,1.6165844,620,628,train
431,0.94791293,0.968703,0.9624804,0.9654311,0.9653931627762312,1.5655054,1.5863531,620,628,train
432,0.9478842,0.9683016,0.9610188,0.9650308,0.9653539321017848,1.5654773,1.6061317,620,628,train
433,0.94737464,0.9680964,0.9632127,0.96564317,0.965302675961754,1.5654488,1.6282414,620,628,train
434,0.947538,0.9673972,0.9592942,0.9641726,0.9652596097664209,1.56542,1.609194,620,628,train
435,0.9473999,0.9689158,0.96375537,0.9658646,0.9652017385247293,1.565391,1.5879629,620,628,train
436,0.94682616,0.96806,0.9619527,0.9651638,0.9651021357165577,1.5653616,1.609568,620,628,train
437,0.94722944,0.9679965,0.9628495,0.9652272,0.9650466663345434,1.5653319,1.5944922,620,628,train
438,0.9470788,0.96506727,0.961902,0.96334434,0.9649279096468799,1.5653019,1.5754731,620,628,train
439,0.9470383,0.96754545,0.9638332,0.96500546,0.964826622538003,1.5652715,1.5661585,620,628,train
440,0.9469793,0.96184766,0.96145535,0.9615691,0.9647796198831151,1.5652409,1.5727749,620,628,train
441,0.94655335,0.96758366,0.9632766,0.96510243,0.9647036706035612,1.5652097,1.5922427,620,628,train
442,0.9462748,0.9671513,0.9634462,0.9645421,0.9646471048600646,1.5651784,1.5456954,620,628,train
443,0.94631857,0.9675671,0.9632201,0.9649297,0.964589195428684,1.5651467,1.5738654,620,628,train
444,0.94662327,0.96685016,0.9631957,0.96461856,0.9645424188148495,1.5651146,1.5813004,620,628,train
445,0.9464602,0.9668707,0.96359247,0.9644935,0.9645044580073086,1.5650821,1.5528922,620,628,train
446,0.94623953,0.9635164,0.96247905,0.96250445,0.9644461816379134,1.5650493,1.5523833,620,628,train
447,0.94636154,0.96727073,0.96259856,0.964515,0.9643668918061943,1.565016,1.5602403,620,628,train
448,0.9457142,0.9653146,0.96251714,0.9639152,0.9642855899785068,1.5649824,1.6114298,620,628,train
449,0.9457889,0.96710837,0.96218145,0.96458447,0.9642121038481737,1.5649484,1.5913112,620,628,train
450,0.9459522,0.96772456,0.9632061,0.96508867,0.9641582545530494,1.564914,1.583879,620,628,train
451,0.94623274,0.966788,0.96321666,0.9646694,0.9641003561734167,1.5648792,1.5907714,620,628,train
452,0.94605875,0.96668184,0.96008134,0.9640582,0.9640473344646661,1.564844,1.6163467,620,628,train
453,0.9459591,0.9657464,0.9551432,0.96231747,0.9639941835006867,1.5648084,1.6094875,620,628,train
454,0.9461836,0.9675228,0.962533,0.96509844,0.9639568446287116,1.5647722,1.6177609,620,628,train
455,0.94575834,0.96632606,0.95682967,0.96303093,0.9638827418119206,1.5647358,1.6101316,620,628,train
456,0.94541264,0.9668039,0.9626461,0.96461385,0.9638525837787767,1.5646988,1.6000217,620,628,train
457,0.94564444,0.9645248,0.9621364,0.963616,0.9637870367052312,1.5646614,1.6355098,620,628,train
458,0.9452487,0.96563166,0.9618943,0.9636267,0.9637308143962209,1.5646236,1.574996,620,628,train
459,0.94543934,0.96525407,0.96126264,0.9634486,0.9636875952679709,1.5645852,1.5956489,620,628,train
460,0.94536066,0.96613926,0.9619732,0.9640503,0.9636070125356457,1.5645465,1.5927259,620,628,train
461,0.94488966,0.96564674,0.96194816,0.9639726,0.9635758388622522,1.5645071,1.6147113,620,628,train
462,0.9447483,0.96561706,0.96088964,0.96353495,0.9635216290757413,1.5644673,1.594699,620,628,train
463,0.9447937,0.96522105,0.9617781,0.96376985,0.9634979204800947,1.564427,1.6215736,620,628,train
464,0.9446084,0.96523833,0.9610293,0.96340847,0.9633863635458716,1.5643861,1.5987043,620,628,train
465,0.944664,0.96511865,0.96140516,0.96360886,0.9633521306822098,1.5643448,1.6194223,620,628,train
466,0.9448385,0.9658121,0.9616318,0.96376526,0.9633256552437859,1.5643029,1.5885127,620,628,train
467,0.944707,0.965052,0.9617817,0.9635158,0.9632738350217814,1.5642605,1.6009774,620,628,train
468,0.94422084,0.9646305,0.96176225,0.9632607,0.9633656463165665,1.5642174,1.5966843,620,628,train
469,0.9434648,0.9644575,0.9614329,0.9630616,0.9633377500926383,1.5641739,1.5929776,620,628,train
470,0.9438053,0.9622175,0.96129984,0.96183217,0.9633754138692635,1.5641297,1.5864868,620,628,train
471,0.94432247,0.96417236,0.961799,0.962992,0.9632849410335057,1.564085,1.5913326,620,628,train
472,0.94381857,0.9641751,0.96151483,0.96295303,0.9631722385260644,1.5640397,1.5948896,620,628,train
473,0.943801,0.96505225,0.9608134,0.9631082,0.9630889251344338,1.5639937,1.5800673,620,628,train
474,0.9431295,0.9639541,0.9604951,0.96268266,0.9630079580440223,1.5639471,1.6060965,620,628,train
475,0.9431804,0.96537024,0.9599053,0.9629947,0.9629444964229025,1.5638999,1.5734893,620,628,train
476,0.94293535,0.96420246,0.9608351,0.9624618,0.962928124481423,1.563852,1.5534732,620,628,train
477,0.94362926,0.964013,0.960502,0.96273303,0.9628440368922988,1.5638034,1.6083608,620,628,train
478,0.9432808,0.9642035,0.9609691,0.9627911,0.9627480537125053,1.5637542,1.5896297,620,628,train
479,0.9436178,0.96265566,0.9607126,0.96183264,0.9625712784908643,1.5637043,1.576752,620,628,train
480,0.9430722,0.964599,0.96094775,0.96310383,0.9624975071698098,1.5636536,1.6038038,620,628,train
481,0.94274074,0.9637616,0.96087456,0.9627349,0.9624112418895019,1.5636022,1.6131488,620,628,train
482,0.94395894,0.96410024,0.96101975,0.96306515,0.9623660951263298,1.5635501,1.6280379,620,628,train
483,0.9434176,0.9640049,0.9607502,0.9624173,0.9622647282453259,1.5634972,1.5628899,620,628,train
484,0.942992,0.963588,0.9617744,0.9626586,0.9621939513957949,1.5634435,1.5877872,620,628,train
485,0.94282025,0.96366715,0.9603034,0.9624666,0.9620410331678013,1.5633891,1.6033224,620,628,train
486,0.94228625,0.963656,0.96120507,0.96251935,0.9619186095301351,1.5633337,1.5835354,620,628,train
487,0.9427377,0.9638055,0.9611603,0.962787,0.9618794845196339,1.5632777,1.6082442,620,628,train
488,0.94175136,0.96267986,0.9589361,0.96190083,0.9618023360376676,1.5632207,1.6366218,620,628,train
489,0.9417088,0.9639784,0.96048003,0.9629394,0.9616616014667337,1.5631629,1.636393,620,628,train
490,0.9416709,0.9625411,0.95957816,0.9619099,0.9614989187750242,1.5631042,1.6272047,620,628,train
491,0.94196326,0.9623469,0.9594599,0.96154183,0.9613304820270396,1.5630445,1.5978838,620,628,train
492,0.9410561,0.96358925,0.9594181,0.96265143,0.961167808064942,1.562984,1.6572095,620,628,train
493,0.941104,0.9539529,0.95771086,0.95682424,0.9610006817213397,1.5629225,1.5974077,620,628,train
494,0.939663,0.9606938,0.95858693,0.9607173,0.9608526289315693,1.56286,1.6263517,620,628,train
495,0.9383468,0.95695126,0.9567994,0.9577689,0.960738637616962,1.5627965,1.5530025,620,628,train
496,0.9405,0.9629739,0.95890737,0.9616701,0.9605592669734444,1.562732,1.5909448,620,628,train
497,0.9397689,0.9610528,0.95683074,0.96017,0.9603527092904303,1.5626664,1.5895326,620,628,train
498,0.93983126,0.9622962,0.958354,0.9608621,0.960153898646495,1.5625998,1.551042,620,628,train
499,0.93970776,0.9605521,0.9585197,0.9600103,0.9600028326042498,1.5625321,1.55083,620,628,train
500,0.93983716,0.9599581,0.9583111,0.959852,0.9598256751346966,1.5624632,1.5747747,620,628,train
501,0.9392777,0.95788765,0.958585,0.9585332,0.9596098725686307,1.5623932,1.5346502,620,628,train
502,0.9391892,0.96160257,0.95797807,0.9602799,0.9593754593544241,1.5623219,1.5344049,620,628,train
503,0.9398329,0.96119314,0.9585187,0.96002257,0.9591365366017615,1.5622495,1.5123872,620,628,train
504,0.9391511,0.96283364,0.9578168,0.96082324,0.9590841675226263,1.5621759,1.5288192,620,628,train
505,0.9387771,0.96150625,0.95768,0.96003497,0.9588971184335017,1.5621009,1.5194091,620,628,train
506,0.9388271,0.95799184,0.95788264,0.958158,0.9587793535747414,1.5620246,1.5032899,620,628,train
507,0.9387852,0.9575904,0.9576994,0.9578965,0.9585529121985945,1.561947,1.5018507,620,628,train
508,0.9394464,0.9588705,0.9578942,0.95849246,0.9584201668074868,1.561868,1.4890026,620,628,train
509,0.93869245,0.9562462,0.9575703,0.9570131,0.9581946704394981,1.5617876,1.481653,620,628,train
510,0.9388863,0.96022475,0.95771474,0.9592739,0.9580174932277372,1.5617057,1.505332,620,628,train
511,0.9385543,0.9596423,0.95748645,0.95874214,0.9578804998085066,1.5616223,1.4835324,620,628,train
512,0.9388619,0.95314395,0.9574282,0.9554617,0.9579597669062427,1.5615374,1.4898833,620,628,train
513,0.9385654,0.95310193,0.95748574,0.955642,0.9578026594204222,1.5614508,1.5127958,620,628,train
514,0.9383857,0.9567826,0.9576063,0.9576117,0.9576185987895685,1.5613626,1.5202266,620,628,train
515,0.9380437,0.95769507,0.9576076,0.95782304,0.9575739761338762,1.5612729,1.4891064,620,628,train
516,0.93756694,0.95812774,0.9557198,0.958125,0.9574657304537503,1.5611812,1.5553493,620,628,train
517,0.93766654,0.9582256,0.9567554,0.9580966,0.9573408002456172,1.5610878,1.5148698,620,628,train
518,0.9372429,0.95842075,0.95652115,0.95803386,0.9573548401602638,1.5609927,1.5020279,620,628,train
519,0.9372975,0.9570242,0.9549318,0.9570599,0.9571599171664716,1.5608957,1.5176092,620,628,train
520,0.93653935,0.9527014,0.9565867,0.95537764,0.9570992766788622,1.5607966,1.5323308,620,628,train
521,0.93669385,0.9539007,0.95612943,0.95583224,0.9568966539878665,1.5606956,1.5267152,620,628,train
522,0.936024,0.95764816,0.9566736,0.9576434,0.9568511706094579,1.5605927,1.4979645,620,628,train
523,0.936384,0.9568864,0.95563036,0.957374,0.9567636789469439,1.5604874,1.5437087,620,628,train
524,0.93654937,0.9541725,0.9555049,0.9558198,0.9567505479082872,1.56038,1.5268861,620,628,train
525,0.9365052,0.954373,0.956079,0.95608956,0.956749384987902,1.5602704,1.5301876,620,628,train
526,0.93615663,0.9581261,0.95575905,0.9577504,0.956628270750159,1.5601584,1.5085255,620,628,train
527,0.9362259,0.9582721,0.95620537,0.95810336,0.9564566091612435,1.560044,1.52921,620,628,train
528,0.9357319,0.96003777,0.95549285,0.95890343,0.9563274453330325,1.5599272,1.5380799,620,628,train
529,0.93606365,0.9476521,0.95610756,0.95253617,0.9562351687334651,1.5598078,1.5144659,620,628,train
530,0.9355069,0.9540951,0.95494854,0.95571077,0.9561491202137667,1.5596857,1.5350033,620,628,train
531,0.93568236,0.95221496,0.9547136,0.9544739,0.9560905283835254,1.5595609,1.5082039,620,628,train
532,0.9354148,0.95806086,0.9557191,0.95800304,0.9561421668065703,1.5594332,1.5446498,620,628,train
533,0.9351741,0.9539119,0.9548104,0.9555111,0.9561190783819359,1.5593026,1.5261619,620,628,train
534,0.93494546,0.9595603,0.9549913,0.958424,0.9560890024660068,1.5591689,1.5242707,620,628,train
535,0.934799,0.9584704,0.95464766,0.95764786,0.9559336518165942,1.5590322,1.5077076,620,628,train
536,0.9350447,0.9555999,0.95502424,0.9565766,0.9558763847515269,1.5588921,1.544643,620,628,train
537,0.93477136,0.9413308,0.9548234,0.94896907,0.9557480340273902,1.5587487,1.5112708,620,628,train
538,0.9339696,0.95689416,0.9548255,0.95709276,0.9555333402718867,1.5586019,1.5329065,620,628,train
539,0.9342375,0.9583377,0.9545756,0.95781845,0.9553815730525298,1.5584513,1.5389707,620,628,train
540,0.93439364,0.9519,0.95470613,0.9546395,0.9552555386578553,1.5582969,1.5482876,620,628,train
541,0.9341048,0.9549196,0.95502204,0.9561738,0.9550717770938367,1.5581387,1.5379436,620,628,train
542,0.9340293,0.95617044,0.95452285,0.956909,0.9549117487482085,1.5579765,1.564625,620,628,train
543,0.93386126,0.95070446,0.95406145,0.95371777,0.9548074716730224,1.5578101,1.5295104,620,628,train
544,0.93341416,0.95280135,0.9542836,0.9547722,0.954721402948039,1.5576392,1.5208961,620,628,train
545,0.93275356,0.951386,0.95278025,0.9537511,0.9546176302070735,1.5574638,1.5293291,620,628,train
546,0.93281144,0.9539191,0.9533472,0.95545846,0.954426779471898,1.5572836,1.5629661,620,628,train
547,0.9328583,0.9523149,0.9517478,0.9540217,0.9542547112256392,1.5570985,1.5352598,620,628,train
548,0.9323453,0.95113206,0.95371234,0.95408815,0.9541296710130563,1.5569084,1.5584958,620,628,train
549,0.93211865,0.9483279,0.9533138,0.9521944,0.9539769237253355,1.5567127,1.5139701,620,628,train
550,0.9320233,0.9451552,0.95387745,0.9505774,0.9537726382039438,1.5565116,1.4974934,620,628,train
551,0.93183845,0.9522157,0.9529891,0.9543016,0.9536185472890926,1.5563046,1.5385855,620,628,train
552,0.93141955,0.9536475,0.9516783,0.9548286,0.9534617978051125,1.5560915,1.552784,620,628,train
553,0.93150336,0.9549267,0.9525264,0.9554525,0.9533582398333892,1.5558721,1.5238998,620,628,train
554,0.9312856,0.952604,0.9532223,0.9544036,0.9532513306263243,1.555646,1.5198671,620,628,train
555,0.9311409,0.9553414,0.95285404,0.9555576,0.9529649814734786,1.5554129,1.5010982,620,628,train
556,0.93088835,0.9524509,0.95308465,0.9544498,0.952803998223612,1.5551726,1.539158,620,628,train
557,0.9309555,0.9419596,0.9528276,0.9485461,0.9526141693660519,1.5549246,1.4799665,620,628,train
558,0.9303545,0.9447024,0.9516461,0.94994634,0.9525355937154073,1.5546687,1.5152323,620,628,train
559,0.93015057,0.9465779,0.94911414,0.9501615,0.9523177001116385,1.5544044,1.500142,620,628,train
560,0.93033075,0.95003176,0.95166534,0.9525387,0.952246207697202,1.5541312,1.4989831,620,628,train
561,0.92996293,0.94738936,0.952448,0.9513146,0.9521505410988205,1.5538487,1.4908928,620,628,train
562,0.92910683,0.95201737,0.9501555,0.95333576,0.9520207280026911,1.5535567,1.5175673,620,628,train
563,0.92926073,0.9515544,0.95039845,0.95295393,0.9516284010340401,1.5532542,1.4925584,620,628,train
564,0.9292405,0.9457786,0.95161957,0.9504067,0.9515195305143284,1.5529411,1.5051537,620,628,train
565,0.9291588,0.94683886,0.9525358,0.9509644,0.9515461922434251,1.5526165,1.4798262,620,628,train
566,0.92883176,0.9527695,0.9492569,0.9531203,0.951361176883843,1.55228,1.4711769,620,628,train
567,0.9288399,0.95073676,0.95192295,0.9528816,0.951246585448249,1.5519307,1.489209,620,628,train
568,0.928344,0.94773185,0.95160866,0.9510972,0.9511483387675905,1.5515679,1.4680308,620,628,train
569,0.9283333,0.9460329,0.9519259,0.9503468,0.9509088871362685,1.551191,1.4728565,620,628,train
570,0.92816937,0.9455992,0.95071816,0.949725,0.950780955181035,1.550799,1.45999,620,628,train
571,0.9276221,0.9473965,0.95127845,0.95056194,0.950633863189949,1.550391,1.4334289,620,628,train
572,0.926946,0.9460718,0.95128334,0.9498826,0.9504603091113718,1.549966,1.4329158,620,628,train
573,0.92678535,0.9464234,0.9498873,0.9497955,0.9503111856696767,1.549523,1.4420086,620,628,train
574,0.9260433,0.9484285,0.94780225,0.9504229,0.9501491310307415,1.5490606,1.4558364,620,628,train
575,0.9262233,0.9482869,0.94869316,0.9505183,0.9498817023152001,1.5485778,1.4497368,620,628,train
576,0.9255266,0.9454635,0.9483627,0.94874275,0.9495454160888136,1.5480729,1.4187933,620,628,train
577,0.925243,0.94806963,0.9489391,0.95038,0.9493227994032184,1.5475447,1.4390603,620,628,train
578,0.92507756,0.9458002,0.94874245,0.949107,0.9491934256511985,1.5469913,1.4309471,620,628,train
579,0.924957,0.94822955,0.94885504,0.9503777,0.9489995328380085,1.5464109,1.431315,620,628,train
580,0.9248283,0.94755995,0.94797385,0.9500591,0.9488149995484917,1.5458015,1.4604496,620,628,train
581,0.9241811,0.9461514,0.9460025,0.94847983,0.9486835665247817,1.5451609,1.4142238,620,628,train
582,0.9239371,0.9443731,0.94644856,0.9477293,0.9485008594778923,1.5444866,1.4201132,620,628,train
583,0.9241869,0.9425112,0.94829965,0.94714504,0.9481897692968656,1.5437759,1.4096031,620,628,train
584,0.92383766,0.9466363,0.9473033,0.9493719,0.9479407683976951,1.5430257,1.4541065,620,628,train
585,0.9237541,0.9447417,0.94431967,0.94744384,0.9476598950349588,1.5422326,1.4257848,620,628,train
586,0.92362034,0.94523525,0.94447744,0.9477375,0.9474859745057459,1.541393,1.4261796,620,628,train
587,0.9229343,0.94506484,0.94658136,0.94802606,0.9472619274423337,1.5405025,1.4092716,620,628,train
588,0.92285943,0.9455068,0.9481524,0.94883734,0.9469561769458867,1.5395565,1.4339182,620,628,train
589,0.9223849,0.9422426,0.9472691,0.94682175,0.9468241924823442,1.5385494,1.4176084,620,628,train
590,0.92183816,0.9360864,0.9448713,0.9427691,0.9465560385501814,1.5374753,1.3778999,620,628,train
591,0.92167073,0.94238406,0.94579905,0.94640654,0.9464320732476733,1.5363272,1.4019389,620,628,train
592,0.92125154,0.9408933,0.9447605,0.9453581,0.9463012768524406,1.5350972,1.3978049,620,628,train
593,0.9213701,0.9403654,0.9470427,0.94556487,0.9461126570812225,1.5337762,1.3878762,620,628,train
594,0.92087793,0.94396013,0.94544435,0.9472092,0.9458798671360427,1.5323538,1.4123055,620,628,train
595,0.9207416,0.9383673,0.9458905,0.94425195,0.9455810982013425,1.5308176,1.3864472,620,628,train
596,0.9205157,0.93564844,0.9468898,0.943352,0.9453300761189148,1.5291537,1.4161689,620,628,train
597,0.920205,0.9422505,0.9432384,0.9457181,0.9451197849836984,1.5273454,1.402586,620,628,train
598,0.9198727,0.9361836,0.94644755,0.94331384,0.9449521602367734,1.5253731,1.3913511,620,628,train
599,0.91944283,0.93733,0.94458807,0.94339955,0.9447093645984336,1.5232133,1.3858434,620,628,train
600,0.9193828,0.94070476,0.9425059,0.94469434,0.9445225318716447,1.5208379,1.3957494,620,628,train
601,0.9181976,0.94055307,0.9429283,0.9448889,0.9443492542946795,1.5182133,1.4163617,620,628,train
602,0.9179674,0.9407195,0.94218636,0.9444704,0.9440240697867658,1.5152978,1.3770149,620,628,train
603,0.917901,0.935525,0.94144714,0.9417287,0.9438450788179098,1.5120405,1.3879439,620,628,train
604,0.9170682,0.9396348,0.9448928,0.9446587,0.9435139320985161,1.5083776,1.3868874,620,628,train
605,0.91713864,0.9380948,0.9444522,0.943642,0.943087689522655,1.5042281,1.3718451,620,628,train
606,0.9167429,0.93802327,0.9429352,0.94330746,0.94270154522126,1.4994888,1.380694,620,628,train
607,0.91652524,0.9413651,0.9411893,0.9444209,0.9423555802976361,1.4940244,1.3604811,620,628,train
608,0.91617626,0.93720996,0.9434463,0.9426798,0.9418492946714428,1.487655,1.3394859,620,628,train
609,0.915555,0.9359449,0.9409988,0.941068,0.9414136511352792,1.4801364,1.2944638,620,628,train
610,0.91564244,0.93616533,0.9422761,0.94157124,0.9409735437270869,1.4711276,1.304104,620,628,train
611,0.914826,0.934234,0.9414152,0.9397224,0.9405041769308404,1.4601392,1.2243254,620,628,train
612,0.91453224,0.9357644,0.9395344,0.939612,0.9399341447479704,1.4464413,1.1715704,620,628,train
613,0.91423655,0.9435938,0.9422185,0.944446,0.939351391712894,1.4288993,1.193966,620,628,train
614,0.913945,0.9324419,0.9426794,0.9383274,0.9389017216319175,1.4056476,1.1278799,620,628,train
615,0.9140344,0.9352323,0.9444132,0.93992406,0.9384107526551289,1.3734008,1.0973206,620,628,train
616,0.9136844,0.9299772,0.9361428,0.9346569,0.9375405981196546,1.3258177,1.0279348,620,628,train
617,0.9128741,0.9322202,0.9386121,0.9361215,0.9366930028398884,1.2490457,0.9934741,620,628,train
618,0.9127415,0.93416244,0.9392803,0.9375162,0.9358761606393052,1.1071488,1.0229281,620,628,train
619,0.9126375,0.9337708,0.942661,0.9368988,0.9352858148400451,0.7853982,0.87094826,620,628,train
620,0.91171473,0.937201,0.9427394,0.93795836,0.934709347529167,-0.0,0.78417057,620,628,train
621,0.91133845,0.9337233,0.94014394,0.9350772,0.9339085007869888,-0.7853982,0.72619337,620,628,train
622,0.9113866,0.933025,0.9399865,0.93359953,0.9329357495442528,-1.1071488,0.5934744,620,628,train
623,0.91085625,0.9306564,0.93639505,0.93020946,0.93210424775754,-1.2490457,0.43320096,620,628,train
624,0.910271,0.93322545,0.93754065,0.93124866,0.931197993601251,-1.3258177,0.36565083,620,628,train
625,0.9096769,0.93096715,0.9356966,0.9285985,0.9302492505340267,-1.3734008,0.23657015,620,628,train
626,0.9093996,0.9276036,0.9353466,0.9266401,0.92933526658457,-1.4056476,0.21691385,620,628,train
627,0.9091658,0.93348587,0.93408316,0.9284158,0.9284831040761151,-1.4288993,0.10443202,620,628,train
628,0.9082065,0.9254507,0.93409216,0.923326,0.9276264059578259,-1.4464413,-0.019108146,620,628,train
629,0.90879977,0.9295723,0.93488973,0.92537683,0.92659285748464,-1.4601392,-0.049048513,620,628,train
630,0.9081012,0.9349711,0.94021416,0.9287513,0.9256675272228693,-1.4711276,-0.13254994,620,628,train
631,0.90742713,0.93287516,0.9364854,0.92630756,0.9246282495132635,-1.4801364,-0.19028649,620,628,train
632,0.9069754,0.9275834,0.9324319,0.9219297,0.9236704304146878,-1.487655,-0.27657098,620,628,train
633,0.90664196,0.9316877,0.93713796,0.92502147,0.9226758389063,-1.4940244,-0.29463354,620,628,train
634,0.9061592,0.92793846,0.9277009,0.9203456,0.9217415420289937,-1.4994888,-0.35255557,620,628,train
635,0.90525615,0.92766315,0.934116,0.92099726,0.9208281652317357,-1.5042281,-0.4488295,620,628,train
636,0.90515643,0.92819774,0.9269111,0.91838944,0.9199857194414475,-1.5083776,-0.58905095,620,628,train
637,0.90474313,0.9318585,0.92729115,0.9204293,0.9188643198606725,-1.5120405,-0.57837296,620,628,train
638,0.9041667,0.9298737,0.9322843,0.9198995,0.9179106551325286,-1.5152978,-0.6707549,620,628,train
639,0.9029424,0.9238915,0.9263197,0.914719,0.9171816693480456,-1.5182133,-0.7567868,620,628,train
640,0.9031042,0.9168546,0.9233651,0.9119879,0.9162277061241498,-1.5208379,-0.56071126,620,628,train
641,0.9026422,0.92826664,0.9290607,0.91872984,0.9155041916758654,-1.5232133,-0.6164358,620,628,train
642,0.90237254,0.9319792,0.93070763,0.92053473,0.9145208275432181,-1.5253731,-0.677145,620,628,train
643,0.9016448,0.92884076,0.92789817,0.91773015,0.9137676386398932,-1.5273454,-0.7428129,620,628,train
644,0.9009555,0.9171325,0.9172772,0.9085039,0.9129549131492832,-1.5291537,-0.82993114,620,628,train
645,0.90075374,0.9148035,0.9192421,0.9073683,0.9121939143147917,-1.5308176,-0.8845034,620,628,train
646,0.8999457,0.9244699,0.91275394,0.9100271,0.9114934445350764,-1.5323538,-0.9686545,620,628,train
647,0.8993331,0.9274558,0.9225234,0.91344553,0.9108987015752493,-1.5337762,-1.0290235,620,628,train
648,0.89879715,0.9214816,0.9206836,0.90988237,0.9101947316248596,-1.5350972,-1.0394387,620,628,train
649,0.89767194,0.92338705,0.91361046,0.90866864,0.9094828977023348,-1.5363272,-1.0975245,620,628,train
650,0.89748734,0.92355084,0.91464233,0.9087837,0.9086617371156036,-1.5374753,-1.1253564,620,628,train
651,0.89658296,0.9200506,0.9183533,0.9078078,0.9078998859747891,-1.5385494,-1.1385806,620,628,train
652,0.8960926,0.91584384,0.91645575,0.90486,0.9070602930705227,-1.5395565,-1.1835301,620,628,train
653,0.89524454,0.9164201,0.909036,0.9034008,0.9062519633336973,-1.5405025,-1.1766708,620,628,train
654,0.8944813,0.9167243,0.918443,0.9055256,0.9053869737299065,-1.541393,-1.2171957,620,628,train
655,0.8941132,0.91502976,0.91550577,0.9040241,0.9048369553972508,-1.5422326,-1.2080294,620,628,train
656,0.89348406,0.92010534,0.9159981,0.9067159,0.9043905622081568,-1.5430257,-1.2080797,620,628,train
657,0.8928365,0.9151717,0.9137757,0.9035791,0.9038156672588703,-1.5437759,-1.2202603,620,628,train
658,0.8919764,0.91759026,0.9198653,0.90622795,0.9031210917978542,-1.5444866,-1.2277586,620,628,train
659,0.8911539,0.9158902,0.91000277,0.90289986,0.9026882292951495,-1.5451609,-1.236276,620,628,train
660,0.89052516,0.9123795,0.90790826,0.9004463,0.9020938987318521,-1.5458015,-1.2575501,620,628,train
661,0.8898341,0.9077769,0.90770936,0.8981528,0.9015326672195384,-1.5464109,-1.2468164,620,628,train
662,0.889007,0.9225141,0.91046035,0.90611356,0.9011278307090207,-1.5469913,-1.2687136,620,628,train
663,0.8883549,0.9092054,0.9171669,0.90103126,0.9006094365401219,-1.5475447,-1.2651432,620,628,train
664,0.88756543,0.9069078,0.9142107,0.8990299,0.9002133652052291,-1.5480729,-1.2804841,620,628,train
665,0.88678503,0.9133328,0.9105775,0.9015822,0.8995334006640392,-1.5485778,-1.2569993,620,628,train
666,0.886212,0.90450716,0.90627885,0.89596444,0.8987236513014273,-1.5490606,-1.2708037,620,628,train
667,0.88467604,0.9127529,0.90471864,0.89990306,0.8981812717315022,-1.549523,-1.2520471,620,628,train
668,0.8835709,0.90391105,0.8980956,0.8936442,0.8978118720690388,-1.549966,-1.2749779,620,628,train
669,0.8829229,0.9056301,0.910009,0.8974982,0.8974742074928362,-1.550391,-1.2631379,620,628,train
670,0.88245,0.9047242,0.9075566,0.8962052,0.8967549686115897,-1.550799,-1.2937591,620,628,train
671,0.8812412,0.9070641,0.9026115,0.89655405,0.8959556309136407,-1.551191,-1.2468315,620,628,train
672,0.88090587,0.90052986,0.8947178,0.8910684,0.8952153773333975,-1.5515679,-1.2812586,620,628,train
673,0.8797789,0.9022955,0.90230894,0.8939203,0.8946485189166138,-1.5519307,-1.2660267,620,628,train
674,0.87955433,0.8986739,0.8999022,0.89127517,0.8939314701108269,-1.55228,-1.29581,620,628,train
675,0.8784741,0.90630877,0.906361,0.89685124,0.8932194277887332,-1.5526165,-1.2764392,620,628,train
676,0.87768435,0.90539765,0.8941237,0.89333403,0.892427453693845,-1.5529411,-1.2874837,620,628,train
677,0.87700856,0.90458214,0.9016099,0.8947662,0.891615440160862,-1.5532542,-1.2839471,620,628,train
678,0.8760738,0.9105887,0.8975614,0.8968069,0.8907833871898014,-1.5535567,-1.2856069,620,628,train
679,0.87540686,0.90302205,0.9053875,0.89489055,0.8899312947806635,-1.5538487,-1.28449,620,628,train
680,0.87503624,0.8923018,0.893311,0.8864341,0.889059162933448,-1.5541312,-1.2996231,620,628,train
681,0.87429476,0.8950187,0.88732207,0.8864647,0.888166991648155,-1.5544044,-1.2853432,620,628,train
682,0.87364703,0.9008071,0.88679487,0.8892279,0.8872547809247847,-1.5546687,-1.2889756,620,628,train
683,0.8724926,0.8997686,0.890427,0.88969105,0.8863225307633368,-1.5549246,-1.2752376,620,628,train
684,0.87199974,0.88982105,0.88978696,0.8843506,0.8853702411638115,-1.5551726,-1.2971382,620,628,train
685,0.87139183,0.8931991,0.8855907,0.8853034,0.8843979121262087,-1.5554129,-1.2629175,620,628,train
686,0.8704396,0.8904762,0.8903934,0.8849252,0.8834055436505284,-1.555646,-1.2845728,620,628,train
687,0.8693129,0.8773197,0.8821733,0.87631804,0.8823931357367707,-1.5558721,-1.2850827,620,628,train
688,0.86842865,0.8852103,0.88690245,0.88142675,0.8813606883849355,-1.5560915,-1.2849746,620,628,train
689,0.86779445,0.8764622,0.88442516,0.87643504,0.8803082015950229,-1.5563046,-1.284544,620,628,train
690,0.8670805,0.8859805,0.8795152,0.88020647,0.8792356753670327,-1.5565116,-1.2621876,620,628,train
691,0.8663642,0.8884335,0.8783202,0.8811609,0.8781431097009651,-1.5567127,-1.2610111,620,628,train
692,0.86575496,0.8839866,0.8772998,0.87860954,0.8770305045968201,-1.5569084,-1.2698474,620,628,train
693,0.8650651,0.8757224,0.87908876,0.87484396,0.8758978600545976,-1.5570985,-1.2758615,620,628,train
694,0.86412746,0.86837965,0.87696666,0.87073535,0.8747451760742976,-1.5572836,-1.2650297,620,628,train
695,0.86352485,0.87485856,0.87365663,0.8732295,0.8735724526559201,-1.5574638,-1.259365,620,628,train
696,0.86266875,0.8735708,0.8758254,0.873091,0.8723796897994651,-1.5576392,-1.261329,620,628,train
697,0.8618775,0.8717854,0.87695915,0.87235963,0.8711668875049328,-1.5578101,-1.2754211,620,628,train
698,0.86055166,0.8672014,0.8724153,0.8689995,0.8699340457723229,-1.5579765,-1.2715969,620,628,train
699,0.8599442,0.8697374,0.8700461,0.8696824,0.8686811646016356,-1.5581387,-1.2737755,620,628,train
700,0.8594779,0.86360365,0.87239766,0.8671151,0.8674082439928708,-1.5582969,-1.2819443,620,628,train
