Dataset,Batch,Total_Batteries,Test_Batteries,KPD_RMSE,KPD_MAE,Knee_Delta_Cycles,DeepOPINN_RMSE,DeepOPINN_MAE,DeepOPINN_MAPE,LAX_RMSE,LAX_MAE,LAX_MAPE,Fusion_Raw_RMSE,Fusion_Raw_MAE,Fusion_Raw_MAPE,Fused_SOH_RMSE,Fused_SOH_MAE,Fused_SOH_MAPE,Improvement_vs_Best_Single_%
HUST,default,77,12,0.6259822845458984,0.2563244104385376,105.25,0.012910288758575916,0.009500051848590374,0.9662747383117676,0.013380548916757107,0.010428287088871002,1.0508228093385696,0.012699219398200512,0.009294172748923302,0.9444844909012318,0.01261628298193918,0.009220085007868277,0.9370231948428139,2.2772982241891113
MIT,2017-05-12,46,7,0.39578181505203247,0.14501239359378815,22.714285714285715,0.014045688323676586,0.010175639763474464,1.0851896367967129,0.013899948447942734,0.009519247338175774,1.0189315304160118,0.014812790788710117,0.0090507622808218,0.9785938076674938,0.014661967990258807,0.008828345728010499,0.9554247174671648,-5.482175312879352
MIT,2017-06-30,43,7,0.7091448307037354,0.25465744733810425,28.428571428571427,0.017358271405100822,0.012607966549694538,1.3703535310924053,0.01939363218843937,0.014504995197057724,1.5573629178106785,0.018864687532186508,0.014776231721043587,1.5959477052092552,0.018353346242630613,0.014493885386456606,1.5643205478339202,-5.7325687236194645
MIT,2018-04-12,36,6,0.41618263721466064,0.1806502491235733,21.333333333333332,0.007184345740824938,0.006124537903815508,0.6483315955847502,0.007443172857165337,0.006113461684435606,0.6486209575086832,0.010449091903865337,0.008694920688867569,0.9214164689183235,0.010417330383164603,0.008677168887478692,0.9194986370639323,-45.00040447619716
TJU,Dataset_1_NCA_battery,66,10,1.2976584434509277,0.8417683839797974,70.1,0.021472809836268425,0.014737686142325401,1.780635304749012,0.02986178733408451,0.0206656064838171,2.4592632427811623,0.022730693221092224,0.014813415706157684,1.7742490395903587,0.022072847758159157,0.014164942517709925,1.6948222727982063,-2.7944080279481813
TJU,Dataset_2_NCM_battery,55,9,1.2205307483673096,0.5739666819572449,69.22222222222223,0.012397614307701588,0.008776212111115456,1.0565245524048805,0.02105231210589409,0.014759909361600876,1.7933214083313942,0.01232315693050623,0.00926461722701788,1.121088769286871,0.011357017313771992,0.008262271038535048,0.9938026878464333,8.393526109964249
TJU,Dataset_3_NCM_NCA_battery,9,2,0.6016218662261963,0.35303688049316406,54.5,0.012171178124845028,0.00940771959722042,1.1207305826246738,0.010653078556060791,0.00834082905203104,0.9789885021746159,0.01086368877440691,0.008322272449731827,0.9770865552127361,0.010861319239899735,0.008314467042063045,0.9756852419173866,-1.9547465340004546
XJTU,2C,8,2,0.3931571841239929,0.11259827017784119,8.5,0.008063117042183876,0.006883045192807913,0.7447367068380117,0.009944983758032322,0.006703892722725868,0.7375992834568024,0.012156921438872814,0.009891068562865257,1.0768157429993153,0.011642928426475428,0.009452128796706686,1.0300569295864168,-44.39736352037337
XJTU,3C,15,3,0.49845996499061584,0.23213352262973785,10.666666666666666,0.012524159625172615,0.010863793082535267,1.1402571573853493,0.012887637130916119,0.011757936328649521,1.2376933358609676,0.014199399389326572,0.012580227106809616,1.3197224587202072,0.01400051694360836,0.012384288911244207,1.2978270369174443,-11.788074909779795
XJTU,R2.5,8,2,0.9408168196678162,0.43084239959716797,67.0,0.008110799826681614,0.006276760250329971,0.6752961315214634,0.009769690223038197,0.007693707477301359,0.8337447419762611,0.013504749163985252,0.01091834157705307,1.1812323704361916,0.01394440292407973,0.011277207671617984,1.2185552635656123,-71.92389433909662
XJTU,R3,8,2,0.4291607439517975,0.23609420657157898,16.5,0.010862858965992928,0.009316991083323956,0.999557226896286,0.009597890079021454,0.006967565976083279,0.7579880300909281,0.011862286366522312,0.008987553417682648,0.9668403305113316,0.011639463487404886,0.008868773678636028,0.9535499726353659,-21.271064698331905
XJTU,RW,8,2,0.619063675403595,0.3924177289009094,12.0,0.013105648569762707,0.008250894956290722,0.9113701060414314,0.00914338044822216,0.007058731745928526,0.7726431358605623,0.010975790210068226,0.008822177536785603,0.9643880650401115,0.01080027310137017,0.008975539994581571,0.9811613841146155,-18.121226197802763
XJTU,Sim_satellite,8,2,0.582500696182251,0.30828166007995605,38.0,0.01664644666016102,0.013154378160834312,1.3965646736323833,0.017259862273931503,0.013076549395918846,1.403752714395523,0.016021372750401497,0.013874059543013573,1.4503655955195427,0.015810156334243798,0.013776992523774071,1.4395732883028765,5.023836876362724
