Dataset,Batch,Battery,Method,RMSE,MAE,MAPE
HUST,default,9-7,DEEPOPINN (U_1),1.09669828414917,1.0945777893066406,100.67354440689087
HUST,default,9-7,LAX (U_2),0.18556995689868927,0.16408739984035492,15.848323702812195
HUST,default,9-7,KADOPLAX,0.07864108681678772,0.06469737738370895,6.173915788531303
HUST,default,9-7,POST_KADOPLAX,0.07860404998064041,0.06469292938709259,6.175433844327927
HUST,default,1-5,DEEPOPINN (U_1),1.8457759618759155,1.8438559770584106,174.41078424453735
HUST,default,1-5,LAX (U_2),0.20994849503040314,0.19234097003936768,18.921387195587158
HUST,default,1-5,KADOPLAX,0.08963664621114731,0.07171296328306198,7.1593523025512695
HUST,default,1-5,POST_KADOPLAX,0.08950789272785187,0.07164192944765091,7.150327414274216
HUST,default,7-2,DEEPOPINN (U_1),0.9856194257736206,0.9837318062782288,90.63973426818848
HUST,default,7-2,LAX (U_2),0.18526071310043335,0.1662474125623703,15.989595651626587
HUST,default,7-2,KADOPLAX,0.08192566782236099,0.0664280503988266,6.373422592878342
HUST,default,7-2,POST_KADOPLAX,0.08168696612119675,0.06618632376194,6.352448463439941
HUST,default,10-4,DEEPOPINN (U_1),1.0034587383270264,0.9914981722831726,91.45073294639587
HUST,default,10-4,LAX (U_2),0.18205611407756805,0.16065868735313416,15.466777980327606
HUST,default,10-4,KADOPLAX,0.07841941714286804,0.06428559869527817,6.1079952865839005
HUST,default,10-4,POST_KADOPLAX,0.0788753405213356,0.06478960812091827,6.152937933802605
HUST,default,9-1,DEEPOPINN (U_1),0.9700244069099426,0.9680604338645935,88.96141648292542
HUST,default,9-1,LAX (U_2),0.17838959395885468,0.1561892181634903,14.992915093898773
HUST,default,9-1,KADOPLAX,0.08111882209777832,0.06848323345184326,6.439442187547684
HUST,default,9-1,POST_KADOPLAX,0.08148185908794403,0.06881062686443329,6.470774859189987
HUST,default,10-6,DEEPOPINN (U_1),1.0206056833267212,1.0136678218841553,92.88865923881531
HUST,default,10-6,LAX (U_2),0.17968706786632538,0.15020570158958435,14.616164565086365
HUST,default,10-6,KADOPLAX,0.09902806580066681,0.08845855295658112,8.198099583387375
HUST,default,10-6,POST_KADOPLAX,0.09930277615785599,0.08865852653980255,8.215498924255371
HUST,default,2-3,DEEPOPINN (U_1),1.017060399055481,1.0135523080825806,93.7443196773529
HUST,default,2-3,LAX (U_2),0.19109675288200378,0.16953851282596588,16.473884880542755
HUST,default,2-3,KADOPLAX,0.08015086501836777,0.06453342735767365,6.257998198270798
HUST,default,2-3,POST_KADOPLAX,0.08020447194576263,0.06452204287052155,6.252686679363251
HUST,default,3-6,DEEPOPINN (U_1),0.9841387271881104,0.9804261922836304,91.78550243377686
HUST,default,3-6,LAX (U_2),0.1935129463672638,0.17325514554977417,16.83400422334671
HUST,default,3-6,KADOPLAX,0.08369826525449753,0.06829305738210678,6.625911593437195
HUST,default,3-6,POST_KADOPLAX,0.08405748754739761,0.06853672862052917,6.653553992509842
HUST,default,4-1,DEEPOPINN (U_1),1.3167150020599365,1.3147823810577393,122.33325242996216
HUST,default,4-1,LAX (U_2),0.19007423520088196,0.17618896067142487,16.917911171913147
HUST,default,4-1,KADOPLAX,0.06556300818920135,0.052554674446582794,5.076506361365318
HUST,default,4-1,POST_KADOPLAX,0.06550025939941406,0.0523950420320034,5.063806846737862
HUST,default,4-5,DEEPOPINN (U_1),1.314479112625122,1.3116928339004517,121.06484174728394
HUST,default,4-5,LAX (U_2),0.18828701972961426,0.16773422062397003,16.24082773923874
HUST,default,4-5,KADOPLAX,0.08246530592441559,0.07049418240785599,6.745603680610657
HUST,default,4-5,POST_KADOPLAX,0.08269912004470825,0.07069798558950424,6.763765215873718
HUST,default,1-4,DEEPOPINN (U_1),1.8734664916992188,1.8714195489883423,173.7011194229126
HUST,default,1-4,LAX (U_2),0.19368933141231537,0.17277103662490845,16.812385618686676
HUST,default,1-4,KADOPLAX,0.08351489901542664,0.06788823753595352,6.615065038204193
HUST,default,1-4,POST_KADOPLAX,0.08350234478712082,0.06793850660324097,6.618310511112213
HUST,default,10-7,DEEPOPINN (U_1),1.0922231674194336,1.0775234699249268,99.57181215286255
HUST,default,10-7,LAX (U_2),0.1861601322889328,0.16434162855148315,15.887993574142456
HUST,default,10-7,KADOPLAX,0.08128407597541809,0.06678128987550735,6.362900137901306
HUST,default,10-7,POST_KADOPLAX,0.08051654696464539,0.06578037887811661,6.275156885385513
MIT,2017-05-12,2017-05-12/2017-05-12_battery-19,DEEPOPINN (U_1),0.42546746134757996,0.41751769185066223,40.70819318294525
MIT,2017-05-12,2017-05-12/2017-05-12_battery-19,LAX (U_2),20.38869857788086,20.387645721435547,1981.220817565918
MIT,2017-05-12,2017-05-12/2017-05-12_battery-19,KADOPLAX,0.2590724527835846,0.2571541666984558,24.9080091714859
MIT,2017-05-12,2017-05-12/2017-05-12_battery-19,POST_KADOPLAX,0.2747899889945984,0.2730439007282257,26.44447684288025
MIT,2017-05-12,2017-05-12/2017-05-12_battery-44,DEEPOPINN (U_1),0.6522871255874634,0.6513591408729553,62.447863817214966
MIT,2017-05-12,2017-05-12/2017-05-12_battery-44,LAX (U_2),20.599042892456055,20.596782684326172,1978.6857604980469
MIT,2017-05-12,2017-05-12/2017-05-12_battery-44,KADOPLAX,0.6144277453422546,0.6134425401687622,58.805787563323975
MIT,2017-05-12,2017-05-12/2017-05-12_battery-44,POST_KADOPLAX,0.5359904766082764,0.5349326729774475,51.269012689590454
MIT,2017-05-12,2017-05-12/2017-05-12_battery-13,DEEPOPINN (U_1),0.5323055386543274,0.5314750075340271,50.39511322975159
MIT,2017-05-12,2017-05-12/2017-05-12_battery-13,LAX (U_2),22.280826568603516,22.26201820373535,2115.387535095215
MIT,2017-05-12,2017-05-12/2017-05-12_battery-13,KADOPLAX,0.5058557391166687,0.5048230290412903,47.83731698989868
MIT,2017-05-12,2017-05-12/2017-05-12_battery-13,POST_KADOPLAX,0.547414243221283,0.5463567972183228,51.773351430892944
MIT,2017-05-12,2017-05-12/2017-05-12_battery-5,DEEPOPINN (U_1),0.5596507787704468,0.5579763054847717,53.34705710411072
MIT,2017-05-12,2017-05-12/2017-05-12_battery-5,LAX (U_2),22.8980655670166,22.878408432006836,2194.612503051758
MIT,2017-05-12,2017-05-12/2017-05-12_battery-5,KADOPLAX,0.5563977360725403,0.5547530055046082,53.03417444229126
MIT,2017-05-12,2017-05-12/2017-05-12_battery-5,POST_KADOPLAX,0.5675833821296692,0.5660797953605652,54.106271266937256
MIT,2017-05-12,2017-05-12/2017-05-12_battery-7,DEEPOPINN (U_1),0.4963228702545166,0.4938862919807434,47.03373908996582
MIT,2017-05-12,2017-05-12/2017-05-12_battery-7,LAX (U_2),20.613771438598633,20.612255096435547,1964.5002365112305
MIT,2017-05-12,2017-05-12/2017-05-12_battery-7,KADOPLAX,0.41736775636672974,0.4159560799598694,39.55845832824707
MIT,2017-05-12,2017-05-12/2017-05-12_battery-7,POST_KADOPLAX,0.42911356687545776,0.42746394872665405,40.65953195095062
MIT,2017-05-12,2017-05-12/2017-05-12_battery-25,DEEPOPINN (U_1),0.5007014870643616,0.49970749020576477,47.80092537403107
MIT,2017-05-12,2017-05-12/2017-05-12_battery-25,LAX (U_2),22.184328079223633,22.168161392211914,2126.8468856811523
MIT,2017-05-12,2017-05-12/2017-05-12_battery-25,KADOPLAX,0.48920688033103943,0.48778772354125977,46.633175015449524
MIT,2017-05-12,2017-05-12/2017-05-12_battery-25,POST_KADOPLAX,0.4864329993724823,0.48503002524375916,46.371063590049744
MIT,2017-05-12,2017-05-12/2017-05-12_battery-6,DEEPOPINN (U_1),0.4850155711174011,0.48332011699676514,46.45788073539734
MIT,2017-05-12,2017-05-12/2017-05-12_battery-6,LAX (U_2),22.403533935546875,22.384164810180664,2160.159111022949
MIT,2017-05-12,2017-05-12/2017-05-12_battery-6,KADOPLAX,0.43110376596450806,0.42861416935920715,41.11068844795227
MIT,2017-05-12,2017-05-12/2017-05-12_battery-6,POST_KADOPLAX,0.4442613422870636,0.44182705879211426,42.383429408073425
MIT,2017-06-30,2017-06-30/2017-06-30_battery-20,DEEPOPINN (U_1),0.5956699252128601,0.5947331190109253,59.27290320396423
MIT,2017-06-30,2017-06-30/2017-06-30_battery-20,LAX (U_2),9.013163566589355,9.013057708740234,900.0609397888184
MIT,2017-06-30,2017-06-30/2017-06-30_battery-20,KADOPLAX,0.5956699252128601,0.5947331190109253,59.27290320396423
MIT,2017-06-30,2017-06-30/2017-06-30_battery-20,POST_KADOPLAX,0.5542359948158264,0.5534704327583313,55.171799659729004
MIT,2017-06-30,2017-06-30/2017-06-30_battery-19,DEEPOPINN (U_1),0.5312327742576599,0.530785083770752,51.84744596481323
MIT,2017-06-30,2017-06-30/2017-06-30_battery-19,LAX (U_2),9.041610717773438,9.041546821594238,884.3386650085449
MIT,2017-06-30,2017-06-30/2017-06-30_battery-19,KADOPLAX,0.5312327742576599,0.530785083770752,51.84744596481323
MIT,2017-06-30,2017-06-30/2017-06-30_battery-19,POST_KADOPLAX,0.516474723815918,0.5159314870834351,50.45495629310608
MIT,2017-06-30,2017-06-30/2017-06-30_battery-13,DEEPOPINN (U_1),0.4755892753601074,0.4726073443889618,46.55347466468811
MIT,2017-06-30,2017-06-30/2017-06-30_battery-13,LAX (U_2),9.030496597290039,9.030441284179688,888.861083984375
MIT,2017-06-30,2017-06-30/2017-06-30_battery-13,KADOPLAX,0.4755892753601074,0.4726073443889618,46.55347466468811
MIT,2017-06-30,2017-06-30/2017-06-30_battery-13,POST_KADOPLAX,0.49626296758651733,0.49514028429985046,48.69160354137421
MIT,2017-06-30,2017-06-30/2017-06-30_battery-15,DEEPOPINN (U_1),0.5515406727790833,0.5503517389297485,52.37290859222412
MIT,2017-06-30,2017-06-30/2017-06-30_battery-15,LAX (U_2),9.067708015441895,9.067625999450684,864.0642166137695
MIT,2017-06-30,2017-06-30/2017-06-30_battery-15,KADOPLAX,0.5515406727790833,0.5503517389297485,52.37290859222412
MIT,2017-06-30,2017-06-30/2017-06-30_battery-15,POST_KADOPLAX,0.5617597699165344,0.5604174733161926,53.30803394317627
MIT,2017-06-30,2017-06-30/2017-06-30_battery-40,DEEPOPINN (U_1),0.5937279462814331,0.5925302505493164,55.83776235580444
MIT,2017-06-30,2017-06-30/2017-06-30_battery-40,LAX (U_2),9.073606491088867,9.073492050170898,857.1166038513184
MIT,2017-06-30,2017-06-30/2017-06-30_battery-40,KADOPLAX,0.5937280058860779,0.5925304293632507,55.83776831626892
MIT,2017-06-30,2017-06-30/2017-06-30_battery-40,POST_KADOPLAX,0.6229905486106873,0.6218492984771729,58.60739350318909
MIT,2017-06-30,2017-06-30/2017-06-30_battery-41,DEEPOPINN (U_1),0.4813544452190399,0.480618417263031,46.120721101760864
MIT,2017-06-30,2017-06-30/2017-06-30_battery-41,LAX (U_2),9.059947967529297,9.0598726272583,869.8808670043945
MIT,2017-06-30,2017-06-30/2017-06-30_battery-41,KADOPLAX,0.4813544452190399,0.480618417263031,46.120721101760864
MIT,2017-06-30,2017-06-30/2017-06-30_battery-41,POST_KADOPLAX,0.4916861653327942,0.4911159574985504,47.10357189178467
MIT,2017-06-30,2017-06-30/2017-06-30_battery-2,DEEPOPINN (U_1),0.4158906936645508,0.4154070317745209,41.28045439720154
MIT,2017-06-30,2017-06-30/2017-06-30_battery-2,LAX (U_2),8.863927841186523,8.862829208374023,883.0907821655273
MIT,2017-06-30,2017-06-30/2017-06-30_battery-2,KADOPLAX,0.4158906936645508,0.4154070317745209,41.28045439720154
MIT,2017-06-30,2017-06-30/2017-06-30_battery-2,POST_KADOPLAX,0.4586925506591797,0.4567786455154419,45.28221786022186
MIT,2018-04-12,2018-04-12/2018-04-12_battery-27,DEEPOPINN (U_1),0.12595196068286896,0.12113070487976074,11.494947969913483
MIT,2018-04-12,2018-04-12/2018-04-12_battery-27,LAX (U_2),0.03536165878176689,0.02129305899143219,2.1319113671779633
MIT,2018-04-12,2018-04-12/2018-04-12_battery-27,KADOPLAX,0.032956819981336594,0.02162831276655197,2.1482542157173157
MIT,2018-04-12,2018-04-12/2018-04-12_battery-27,POST_KADOPLAX,0.033232979476451874,0.020860249176621437,2.0799586549401283
MIT,2018-04-12,2018-04-12/2018-04-12_battery-34,DEEPOPINN (U_1),0.0777428075671196,0.0743502676486969,7.154802232980728
MIT,2018-04-12,2018-04-12/2018-04-12_battery-34,LAX (U_2),0.03615124151110649,0.025611458346247673,2.5515250861644745
MIT,2018-04-12,2018-04-12/2018-04-12_battery-34,KADOPLAX,0.030767878517508507,0.019781656563282013,1.979883760213852
MIT,2018-04-12,2018-04-12/2018-04-12_battery-34,POST_KADOPLAX,0.03109036758542061,0.019699860364198685,1.973729394376278
MIT,2018-04-12,2018-04-12/2018-04-12_battery-1,DEEPOPINN (U_1),0.03638678789138794,0.03444749861955643,3.294428065419197
MIT,2018-04-12,2018-04-12/2018-04-12_battery-1,LAX (U_2),0.030343495309352875,0.018250903114676476,1.8152635544538498
MIT,2018-04-12,2018-04-12/2018-04-12_battery-1,KADOPLAX,0.02698844112455845,0.016749519854784012,1.659371703863144
MIT,2018-04-12,2018-04-12/2018-04-12_battery-1,POST_KADOPLAX,0.02720879577100277,0.016948381438851357,1.67952049523592
MIT,2018-04-12,2018-04-12/2018-04-12_battery-6,DEEPOPINN (U_1),0.03729875013232231,0.03322046995162964,3.2225247472524643
MIT,2018-04-12,2018-04-12/2018-04-12_battery-6,LAX (U_2),0.04180603101849556,0.03348780423402786,3.3347558230161667
MIT,2018-04-12,2018-04-12/2018-04-12_battery-6,KADOPLAX,0.03612201288342476,0.026269346475601196,2.6294341310858727
MIT,2018-04-12,2018-04-12/2018-04-12_battery-6,POST_KADOPLAX,0.03682824969291687,0.02693476527929306,2.6954427361488342
MIT,2018-04-12,2018-04-12/2018-04-12_battery-8,DEEPOPINN (U_1),0.10435212403535843,0.09843184798955917,9.416040778160095
MIT,2018-04-12,2018-04-12/2018-04-12_battery-8,LAX (U_2),0.041227471083402634,0.026507575064897537,2.677040360867977
MIT,2018-04-12,2018-04-12/2018-04-12_battery-8,KADOPLAX,0.03603508323431015,0.02298826538026333,2.318514697253704
MIT,2018-04-12,2018-04-12/2018-04-12_battery-8,POST_KADOPLAX,0.0362703762948513,0.022715842351317406,2.294999547302723
MIT,2018-04-12,2018-04-12/2018-04-12_battery-21,DEEPOPINN (U_1),0.10981456190347672,0.10642804950475693,10.131330043077469
MIT,2018-04-12,2018-04-12/2018-04-12_battery-21,LAX (U_2),0.029195327311754227,0.016849476844072342,1.6763629391789436
MIT,2018-04-12,2018-04-12/2018-04-12_battery-21,KADOPLAX,0.026118934154510498,0.016052255406975746,1.5892470255494118
MIT,2018-04-12,2018-04-12/2018-04-12_battery-21,POST_KADOPLAX,0.027358362451195717,0.016620174050331116,1.6476534307003021
TJU,Dataset_1_NCA_battery,Dataset_1_NCA_battery/CY35-05_1-#1,DEEPOPINN (U_1),0.35329669713974,0.3147115409374237,10.490042716264725
TJU,Dataset_1_NCA_battery,Dataset_1_NCA_battery/CY35-05_1-#1,LAX (U_2),0.17405475676059723,0.14090728759765625,4.90090474486351
TJU,Dataset_1_NCA_battery,Dataset_1_NCA_battery/CY35-05_1-#1,KADOPLAX,0.17580799758434296,0.14511500298976898,4.962174966931343
TJU,Dataset_1_NCA_battery,Dataset_1_NCA_battery/CY35-05_1-#1,POST_KADOPLAX,0.17580199241638184,0.1446382701396942,4.9529146403074265
TJU,Dataset_1_NCA_battery,Dataset_1_NCA_battery/CY35-05_1-#3,DEEPOPINN (U_1),0.5692613124847412,0.5673829913139343,17.46896803379059
TJU,Dataset_1_NCA_battery,Dataset_1_NCA_battery/CY35-05_1-#3,LAX (U_2),0.3155616223812103,0.312160462141037,9.60184708237648
TJU,Dataset_1_NCA_battery,Dataset_1_NCA_battery/CY35-05_1-#3,KADOPLAX,0.3509482741355896,0.348040372133255,10.70832759141922
TJU,Dataset_1_NCA_battery,Dataset_1_NCA_battery/CY35-05_1-#3,POST_KADOPLAX,0.3509482741355896,0.348040372133255,10.70832759141922
TJU,Dataset_1_NCA_battery,Dataset_1_NCA_battery/CY25-025_1-#2,DEEPOPINN (U_1),0.34312009811401367,0.33247771859169006,10.771643370389938
TJU,Dataset_1_NCA_battery,Dataset_1_NCA_battery/CY25-025_1-#2,LAX (U_2),0.16941364109516144,0.13704019784927368,4.366524517536163
TJU,Dataset_1_NCA_battery,Dataset_1_NCA_battery/CY25-025_1-#2,KADOPLAX,0.2060328871011734,0.1743561327457428,5.571461841464043
TJU,Dataset_1_NCA_battery,Dataset_1_NCA_battery/CY25-025_1-#2,POST_KADOPLAX,0.20376545190811157,0.17185986042022705,5.490244552493095
TJU,Dataset_1_NCA_battery,Dataset_1_NCA_battery/CY25-05_1-#5,DEEPOPINN (U_1),0.251323938369751,0.21270573139190674,7.097720354795456
TJU,Dataset_1_NCA_battery,Dataset_1_NCA_battery/CY25-05_1-#5,LAX (U_2),0.15205959975719452,0.12244021147489548,4.251731559634209
TJU,Dataset_1_NCA_battery,Dataset_1_NCA_battery/CY25-05_1-#5,KADOPLAX,0.1510578840970993,0.12159603089094162,4.164395108819008
TJU,Dataset_1_NCA_battery,Dataset_1_NCA_battery/CY25-05_1-#5,POST_KADOPLAX,0.15126320719718933,0.12176744639873505,4.167787358164787
TJU,Dataset_1_NCA_battery,Dataset_1_NCA_battery/CY25-025_1-#5,DEEPOPINN (U_1),0.2334383726119995,0.20086552202701569,6.813342869281769
TJU,Dataset_1_NCA_battery,Dataset_1_NCA_battery/CY25-025_1-#5,LAX (U_2),0.20717234909534454,0.17138110101222992,6.179414689540863
TJU,Dataset_1_NCA_battery,Dataset_1_NCA_battery/CY25-025_1-#5,KADOPLAX,0.19823768734931946,0.16734841465950012,5.953776836395264
TJU,Dataset_1_NCA_battery,Dataset_1_NCA_battery/CY25-025_1-#5,POST_KADOPLAX,0.19843874871730804,0.1673869639635086,5.959504470229149
TJU,Dataset_1_NCA_battery,Dataset_1_NCA_battery/CY25-05_1-#16,DEEPOPINN (U_1),0.4143231213092804,0.3682815134525299,12.06723377108574
TJU,Dataset_1_NCA_battery,Dataset_1_NCA_battery/CY25-05_1-#16,LAX (U_2),0.20176607370376587,0.17524638772010803,6.03751577436924
TJU,Dataset_1_NCA_battery,Dataset_1_NCA_battery/CY25-05_1-#16,KADOPLAX,0.21950627863407135,0.19586694240570068,6.602188944816589
TJU,Dataset_1_NCA_battery,Dataset_1_NCA_battery/CY25-05_1-#16,POST_KADOPLAX,0.21038316190242767,0.18691186606884003,6.349027901887894
TJU,Dataset_1_NCA_battery,Dataset_1_NCA_battery/CY45-05_1-#7,DEEPOPINN (U_1),0.3437040150165558,0.32598766684532166,10.707074403762817
TJU,Dataset_1_NCA_battery,Dataset_1_NCA_battery/CY45-05_1-#7,LAX (U_2),0.15016618371009827,0.11158525943756104,3.592792898416519
TJU,Dataset_1_NCA_battery,Dataset_1_NCA_battery/CY45-05_1-#7,KADOPLAX,0.16922689974308014,0.12400035560131073,3.972790762782097
TJU,Dataset_1_NCA_battery,Dataset_1_NCA_battery/CY45-05_1-#7,POST_KADOPLAX,0.17165473103523254,0.12645214796066284,4.05348539352417
TJU,Dataset_1_NCA_battery,Dataset_1_NCA_battery/CY25-05_1-#17,DEEPOPINN (U_1),0.17732135951519012,0.16538618505001068,5.630060657858849
TJU,Dataset_1_NCA_battery,Dataset_1_NCA_battery/CY25-05_1-#17,LAX (U_2),0.1544206291437149,0.12394028156995773,4.353851079940796
TJU,Dataset_1_NCA_battery,Dataset_1_NCA_battery/CY25-05_1-#17,KADOPLAX,0.14288794994354248,0.11701429635286331,4.062033444643021
TJU,Dataset_1_NCA_battery,Dataset_1_NCA_battery/CY25-05_1-#17,POST_KADOPLAX,0.14418713748455048,0.11819088459014893,4.10042330622673
TJU,Dataset_1_NCA_battery,Dataset_1_NCA_battery/CY45-05_1-#27,DEEPOPINN (U_1),0.19319599866867065,0.1610536277294159,5.598962679505348
TJU,Dataset_1_NCA_battery,Dataset_1_NCA_battery/CY45-05_1-#27,LAX (U_2),0.2269965261220932,0.18973638117313385,7.057200372219086
TJU,Dataset_1_NCA_battery,Dataset_1_NCA_battery/CY45-05_1-#27,KADOPLAX,0.19401444494724274,0.16065062582492828,5.948385968804359
TJU,Dataset_1_NCA_battery,Dataset_1_NCA_battery/CY45-05_1-#27,POST_KADOPLAX,0.19724798202514648,0.1637418270111084,6.06195330619812
TJU,Dataset_1_NCA_battery,Dataset_1_NCA_battery/CY45-05_1-#26,DEEPOPINN (U_1),0.19875165820121765,0.16440638899803162,5.680292472243309
TJU,Dataset_1_NCA_battery,Dataset_1_NCA_battery/CY45-05_1-#26,LAX (U_2),0.23017233610153198,0.1943092793226242,7.180102169513702
TJU,Dataset_1_NCA_battery,Dataset_1_NCA_battery/CY45-05_1-#26,KADOPLAX,0.2084624320268631,0.1767546683549881,6.487182527780533
TJU,Dataset_1_NCA_battery,Dataset_1_NCA_battery/CY45-05_1-#26,POST_KADOPLAX,0.20987537503242493,0.1778849959373474,6.526273488998413
TJU,Dataset_2_NCM_battery,Dataset_2_NCM_battery/CY35-05_1-#4,DEEPOPINN (U_1),0.32571175694465637,0.2860039174556732,10.743285715579987
TJU,Dataset_2_NCM_battery,Dataset_2_NCM_battery/CY35-05_1-#4,LAX (U_2),5.2954912185668945,5.253771781921387,191.9960618019104
TJU,Dataset_2_NCM_battery,Dataset_2_NCM_battery/CY35-05_1-#4,KADOPLAX,0.3256005346775055,0.2858687937259674,10.738399624824524
TJU,Dataset_2_NCM_battery,Dataset_2_NCM_battery/CY35-05_1-#4,POST_KADOPLAX,0.325104296207428,0.28671321272850037,10.762983560562134
TJU,Dataset_2_NCM_battery,Dataset_2_NCM_battery/CY25-05_1-#19,DEEPOPINN (U_1),0.06621713191270828,0.05817954242229462,1.902734860777855
TJU,Dataset_2_NCM_battery,Dataset_2_NCM_battery/CY25-05_1-#19,LAX (U_2),4.164129257202148,4.059114933013916,132.9305648803711
TJU,Dataset_2_NCM_battery,Dataset_2_NCM_battery/CY25-05_1-#19,KADOPLAX,0.0662064477801323,0.058163758367300034,1.9020754843950272
TJU,Dataset_2_NCM_battery,Dataset_2_NCM_battery/CY25-05_1-#19,POST_KADOPLAX,0.05910014361143112,0.05101381242275238,1.6675380989909172
TJU,Dataset_2_NCM_battery,Dataset_2_NCM_battery/CY25-05_1-#23,DEEPOPINN (U_1),0.11500633507966995,0.09225744754076004,2.9480814933776855
TJU,Dataset_2_NCM_battery,Dataset_2_NCM_battery/CY25-05_1-#23,LAX (U_2),4.183925628662109,4.078595161437988,133.21298360824585
TJU,Dataset_2_NCM_battery,Dataset_2_NCM_battery/CY25-05_1-#23,KADOPLAX,0.11534590274095535,0.09263908863067627,2.9604358598589897
TJU,Dataset_2_NCM_battery,Dataset_2_NCM_battery/CY25-05_1-#23,POST_KADOPLAX,0.07530442625284195,0.056854985654354095,1.8158676102757454
TJU,Dataset_2_NCM_battery,Dataset_2_NCM_battery/CY45-05_1-#3,DEEPOPINN (U_1),0.10992273688316345,0.08307266980409622,2.6191052049398422
TJU,Dataset_2_NCM_battery,Dataset_2_NCM_battery/CY45-05_1-#3,LAX (U_2),4.256340980529785,4.155125617980957,134.79771614074707
TJU,Dataset_2_NCM_battery,Dataset_2_NCM_battery/CY45-05_1-#3,KADOPLAX,0.11018357425928116,0.08326687663793564,2.6251431554555893
TJU,Dataset_2_NCM_battery,Dataset_2_NCM_battery/CY45-05_1-#3,POST_KADOPLAX,0.11093705892562866,0.08382713794708252,2.6425696909427643
TJU,Dataset_2_NCM_battery,Dataset_2_NCM_battery/CY25-05_1-#14,DEEPOPINN (U_1),0.10223802924156189,0.10220184922218323,3.252589702606201
TJU,Dataset_2_NCM_battery,Dataset_2_NCM_battery/CY25-05_1-#14,LAX (U_2),2.566373825073242,2.535553216934204,80.81661462783813
TJU,Dataset_2_NCM_battery,Dataset_2_NCM_battery/CY25-05_1-#14,KADOPLAX,0.10261013358831406,0.10257378965616226,3.264421969652176
TJU,Dataset_2_NCM_battery,Dataset_2_NCM_battery/CY25-05_1-#14,POST_KADOPLAX,0.09660091251134872,0.09424053877592087,2.9936864972114563
TJU,Dataset_2_NCM_battery,Dataset_2_NCM_battery/CY25-05_1-#1,DEEPOPINN (U_1),0.05882572382688522,0.05070120096206665,1.6583900898694992
TJU,Dataset_2_NCM_battery,Dataset_2_NCM_battery/CY25-05_1-#1,LAX (U_2),4.180125713348389,4.076293468475342,134.11808013916016
TJU,Dataset_2_NCM_battery,Dataset_2_NCM_battery/CY25-05_1-#1,KADOPLAX,0.05888533219695091,0.050767023116350174,1.6603410243988037
TJU,Dataset_2_NCM_battery,Dataset_2_NCM_battery/CY25-05_1-#1,POST_KADOPLAX,0.06952379643917084,0.05885612592101097,1.9204506650567055
TJU,Dataset_2_NCM_battery,Dataset_2_NCM_battery/CY45-05_1-#16,DEEPOPINN (U_1),0.21866580843925476,0.18492618203163147,6.609916687011719
TJU,Dataset_2_NCM_battery,Dataset_2_NCM_battery/CY45-05_1-#16,LAX (U_2),5.014953136444092,4.947381973266602,172.84739017486572
TJU,Dataset_2_NCM_battery,Dataset_2_NCM_battery/CY45-05_1-#16,KADOPLAX,0.21849708259105682,0.18479026854038239,6.604918837547302
TJU,Dataset_2_NCM_battery,Dataset_2_NCM_battery/CY45-05_1-#16,POST_KADOPLAX,0.19733498990535736,0.16822797060012817,5.986767262220383
TJU,Dataset_2_NCM_battery,Dataset_2_NCM_battery/CY45-05_1-#22,DEEPOPINN (U_1),0.3284771144390106,0.2804696559906006,10.492155700922012
TJU,Dataset_2_NCM_battery,Dataset_2_NCM_battery/CY45-05_1-#22,LAX (U_2),5.158900737762451,5.108336448669434,184.91588830947876
TJU,Dataset_2_NCM_battery,Dataset_2_NCM_battery/CY45-05_1-#22,KADOPLAX,0.3283500671386719,0.280358225107193,10.487957298755646
TJU,Dataset_2_NCM_battery,Dataset_2_NCM_battery/CY45-05_1-#22,POST_KADOPLAX,0.3216513693332672,0.276018887758255,10.312946885824203
TJU,Dataset_2_NCM_battery,Dataset_2_NCM_battery/CY25-05_1-#12,DEEPOPINN (U_1),0.13337194919586182,0.10731764137744904,3.6899086087942123
TJU,Dataset_2_NCM_battery,Dataset_2_NCM_battery/CY25-05_1-#12,LAX (U_2),4.123093128204346,4.020211219787598,135.99109649658203
TJU,Dataset_2_NCM_battery,Dataset_2_NCM_battery/CY25-05_1-#12,KADOPLAX,0.1331995278596878,0.10714732110500336,3.6840856075286865
TJU,Dataset_2_NCM_battery,Dataset_2_NCM_battery/CY25-05_1-#12,POST_KADOPLAX,0.13069726526737213,0.10678417980670929,3.6671172827482224
TJU,Dataset_3_NCM_NCA_battery,Dataset_3_NCM_NCA_battery/CY25-05_4-#1,DEEPOPINN (U_1),0.3959854543209076,0.35145923495292664,16.723687946796417
TJU,Dataset_3_NCM_NCA_battery,Dataset_3_NCM_NCA_battery/CY25-05_4-#1,LAX (U_2),1.8033286333084106,1.7885417938232422,91.61715507507324
TJU,Dataset_3_NCM_NCA_battery,Dataset_3_NCM_NCA_battery/CY25-05_4-#1,KADOPLAX,0.22963735461235046,0.19794689118862152,9.825646877288818
TJU,Dataset_3_NCM_NCA_battery,Dataset_3_NCM_NCA_battery/CY25-05_4-#1,POST_KADOPLAX,0.23027442395687103,0.1984969824552536,9.86693874001503
TJU,Dataset_3_NCM_NCA_battery,Dataset_3_NCM_NCA_battery/CY25-05_1-#2,DEEPOPINN (U_1),0.413546085357666,0.3470016121864319,16.29052311182022
TJU,Dataset_3_NCM_NCA_battery,Dataset_3_NCM_NCA_battery/CY25-05_1-#2,LAX (U_2),1.8067364692687988,1.79267418384552,91.90374612808228
TJU,Dataset_3_NCM_NCA_battery,Dataset_3_NCM_NCA_battery/CY25-05_1-#2,KADOPLAX,0.2222883254289627,0.19222301244735718,9.577303379774094
TJU,Dataset_3_NCM_NCA_battery,Dataset_3_NCM_NCA_battery/CY25-05_1-#2,POST_KADOPLAX,0.21881112456321716,0.1902424395084381,9.51080322265625
XJTU,2C,2C_battery-2,DEEPOPINN (U_1),1.7363152503967285,1.7330729961395264,92.80285239219666
XJTU,2C,2C_battery-2,LAX (U_2),1.0329210758209229,1.0289582014083862,55.59929013252258
XJTU,2C,2C_battery-2,KADOPLAX,0.09926296025514603,0.07238055765628815,4.089415073394775
XJTU,2C,2C_battery-2,POST_KADOPLAX,0.10072613507509232,0.07329246401786804,4.141828790307045
XJTU,2C,2C_battery-6,DEEPOPINN (U_1),1.255183219909668,1.2473503351211548,66.64270162582397
XJTU,2C,2C_battery-6,LAX (U_2),1.0218191146850586,1.0184905529022217,54.650259017944336
XJTU,2C,2C_battery-6,KADOPLAX,0.09265804290771484,0.07361908257007599,4.0764011442661285
XJTU,2C,2C_battery-6,POST_KADOPLAX,0.09307873994112015,0.07354579120874405,4.077333956956863
XJTU,3C,3C_battery-7,DEEPOPINN (U_1),1.6828787326812744,1.6803185939788818,88.8183057308197
XJTU,3C,3C_battery-7,LAX (U_2),0.09350652247667313,0.07919944822788239,4.283686354756355
XJTU,3C,3C_battery-7,KADOPLAX,0.09380180388689041,0.0803842768073082,4.339123144745827
XJTU,3C,3C_battery-7,POST_KADOPLAX,0.09377171844244003,0.08033815771341324,4.336707666516304
XJTU,3C,3C_battery-14,DEEPOPINN (U_1),2.373565435409546,2.3726391792297363,128.67400646209717
XJTU,3C,3C_battery-14,LAX (U_2),0.07423041015863419,0.04835345596075058,2.737169899046421
XJTU,3C,3C_battery-14,KADOPLAX,0.07277596741914749,0.04794768989086151,2.7105966582894325
XJTU,3C,3C_battery-14,POST_KADOPLAX,0.07279478013515472,0.047950129956007004,2.7107715606689453
XJTU,3C,3C_battery-2,DEEPOPINN (U_1),2.0198974609375,2.0184590816497803,106.07401132583618
XJTU,3C,3C_battery-2,LAX (U_2),0.07994633913040161,0.0681537464261055,3.6145176738500595
XJTU,3C,3C_battery-2,KADOPLAX,0.08117055892944336,0.06985204666852951,3.698189929127693
XJTU,3C,3C_battery-2,POST_KADOPLAX,0.08102623373270035,0.06972185522317886,3.6916278302669525
XJTU,R2.5,R2.5_battery-8,DEEPOPINN (U_1),1.3188081979751587,1.3177733421325684,70.2487587928772
XJTU,R2.5,R2.5_battery-8,LAX (U_2),0.10771813988685608,0.09089741855859756,4.820144176483154
XJTU,R2.5,R2.5_battery-8,KADOPLAX,0.10784916579723358,0.09103994071483612,4.827157035470009
XJTU,R2.5,R2.5_battery-8,POST_KADOPLAX,0.1078767254948616,0.09106063097715378,4.828203096985817
XJTU,R2.5,R2.5_battery-2,DEEPOPINN (U_1),2.679108142852783,2.6768970489501953,142.42345094680786
XJTU,R2.5,R2.5_battery-2,LAX (U_2),0.12048693746328354,0.10618379712104797,5.664245784282684
XJTU,R2.5,R2.5_battery-2,KADOPLAX,0.12059881538152695,0.1063174158334732,5.670646578073502
XJTU,R2.5,R2.5_battery-2,POST_KADOPLAX,0.1206040158867836,0.10632310807704926,5.670929327607155
XJTU,R3,R3_battery-6,DEEPOPINN (U_1),1.637758731842041,1.635925054550171,86.71391010284424
XJTU,R3,R3_battery-6,LAX (U_2),0.34879395365715027,0.3411295711994171,17.95288175344467
XJTU,R3,R3_battery-6,KADOPLAX,0.3415240943431854,0.3342776894569397,17.59514808654785
XJTU,R3,R3_battery-6,POST_KADOPLAX,0.3441248834133148,0.3372124135494232,17.754167318344116
XJTU,R3,R3_battery-1,DEEPOPINN (U_1),0.6334832906723022,0.6290265917778015,33.54808688163757
XJTU,R3,R3_battery-1,LAX (U_2),0.33778926730155945,0.3260918855667114,17.233075201511383
XJTU,R3,R3_battery-1,KADOPLAX,0.3282705247402191,0.31631508469581604,16.709963977336884
XJTU,R3,R3_battery-1,POST_KADOPLAX,0.3335968255996704,0.32245028018951416,17.045600712299347
XJTU,RW,RW_battery-1,DEEPOPINN (U_1),1.4861191511154175,1.484846591949463,80.3400456905365
XJTU,RW,RW_battery-1,LAX (U_2),0.3603688180446625,0.35163241624832153,18.861524760723114
XJTU,RW,RW_battery-1,KADOPLAX,0.3609180152416229,0.3524126708507538,18.90629678964615
XJTU,RW,RW_battery-1,POST_KADOPLAX,0.36290526390075684,0.3542422950267792,19.003158807754517
XJTU,RW,RW_battery-2,DEEPOPINN (U_1),1.0833022594451904,1.0411360263824463,56.43549561500549
XJTU,RW,RW_battery-2,LAX (U_2),0.3767446279525757,0.3691083490848541,19.66015100479126
XJTU,RW,RW_battery-2,KADOPLAX,0.3777945339679718,0.37032443284988403,19.727209210395813
XJTU,RW,RW_battery-2,POST_KADOPLAX,0.3796444833278656,0.3720804750919342,19.8200985789299
XJTU,Sim_satellite,Sim_satellite_battery-6,DEEPOPINN (U_1),1.3613675832748413,1.357100009918213,71.21855020523071
XJTU,Sim_satellite,Sim_satellite_battery-6,LAX (U_2),0.13557854294776917,0.1257162094116211,6.542437523603439
XJTU,Sim_satellite,Sim_satellite_battery-6,KADOPLAX,0.13558270037174225,0.12572205066680908,6.542737036943436
XJTU,Sim_satellite,Sim_satellite_battery-6,POST_KADOPLAX,0.13559451699256897,0.1257314532995224,6.543212383985519
XJTU,Sim_satellite,Sim_satellite_battery-4,DEEPOPINN (U_1),1.2247059345245361,1.2226078510284424,64.97924327850342
XJTU,Sim_satellite,Sim_satellite_battery-4,LAX (U_2),0.11565142124891281,0.10391584783792496,5.498972907662392
XJTU,Sim_satellite,Sim_satellite_battery-4,KADOPLAX,0.11567233502864838,0.10393574088811874,5.499986931681633
XJTU,Sim_satellite,Sim_satellite_battery-4,POST_KADOPLAX,0.11566612124443054,0.10393040627241135,5.499715730547905
