Dataset,Batch,Method,RMSE,MAE,MAPE
HUST,default,DEEPOPINN (U_1),1.2100221167008083,1.2053990612427394,111.76880995432536
HUST,default,KADOPLAX,0.08212051043907802,0.06788422043124835,6.511351062605779
HUST,default,LAX (U_2),0.18864436323444048,0.1677965745329857,16.25018094976743
HUST,default,POST_KADOPLAX,0.08216159294048946,0.06788755239297946,6.51205846418937
MIT,2017-05-12,DEEPOPINN (U_1),0.5216786903994424,0.5193202921322414,49.74153893334525
MIT,2017-05-12,KADOPLAX,0.46763315371104647,0.46607581632477896,44.555372851235525
MIT,2017-05-12,LAX (U_2),21.62403815133231,21.612776620047434,2074.4875499180384
MIT,2017-05-12,POST_KADOPLAX,0.46936942849840435,0.4678191712924412,44.71530531133924
MIT,2017-06-30,DEEPOPINN (U_1),0.5207151046821049,0.5195761408124652,50.46938146863665
MIT,2017-06-30,KADOPLAX,0.5207151131970542,0.5195761663573129,50.46938232013157
MIT,2017-06-30,LAX (U_2),9.021494456699916,9.021266528538295,878.2018797738211
MIT,2017-06-30,POST_KADOPLAX,0.5288718172482082,0.5278147969927106,51.231368098940166
MIT,2018-04-12,DEEPOPINN (U_1),0.081924498702089,0.0780014730989933,7.452345639467239
MIT,2018-04-12,KADOPLAX,0.03149819498260816,0.020578226074576378,2.0541175889472165
MIT,2018-04-12,LAX (U_2),0.03568087083597978,0.023666712765892346,2.364476521809896
MIT,2018-04-12,POST_KADOPLAX,0.031998188545306526,0.020629878776768844,2.0618840431173644
TJU,Dataset_1_NCA_battery,DEEPOPINN (U_1),0.307773657143116,0.28132588863372804,9.232534132897854
TJU,Dataset_1_NCA_battery,KADOPLAX,0.20161827355623246,0.17307428419589996,5.843271799385548
TJU,Dataset_1_NCA_battery,LAX (U_2),0.19817837178707123,0.16787468492984772,5.752188488841057
TJU,Dataset_1_NCA_battery,POST_KADOPLAX,0.20135660618543624,0.17268746346235275,5.8369942009449005
TJU,Dataset_2_NCM_battery,DEEPOPINN (U_1),0.16204850955141914,0.138347789645195,4.87957422931989
TJU,Dataset_2_NCM_battery,KADOPLAX,0.16209762253695065,0.1383972383207745,4.880864318046305
TJU,Dataset_2_NCM_battery,LAX (U_2),4.327037069532606,4.248264869054158,144.62515513102213
TJU,Dataset_2_NCM_battery,POST_KADOPLAX,0.1540282509393162,0.13139298351274598,4.641103061536948
TJU,Dataset_3_NCM_NCA_battery,DEEPOPINN (U_1),0.4047657698392868,0.34923042356967926,16.50710552930832
TJU,Dataset_3_NCM_NCA_battery,KADOPLAX,0.22596284002065659,0.19508495181798935,9.701475128531456
TJU,Dataset_3_NCM_NCA_battery,LAX (U_2),1.8050325512886047,1.790607988834381,91.76045060157776
TJU,Dataset_3_NCM_NCA_battery,POST_KADOPLAX,0.2245427742600441,0.19436971098184586,9.68887098133564
XJTU,2C,DEEPOPINN (U_1),1.4957492351531982,1.4902116656303406,79.72277700901031
XJTU,2C,KADOPLAX,0.09596050158143044,0.07299982011318207,4.082908108830452
XJTU,2C,LAX (U_2),1.0273700952529907,1.023724377155304,55.12477457523346
XJTU,2C,POST_KADOPLAX,0.09690243750810623,0.07341912761330605,4.109581373631954
XJTU,3C,DEEPOPINN (U_1),2.025447209676107,2.023805618286133,107.85544117291768
XJTU,3C,KADOPLAX,0.08258277674516042,0.06606133778889973,3.582636577387651
XJTU,3C,LAX (U_2),0.08256109058856964,0.06523555020491283,3.5451246425509453
XJTU,3C,POST_KADOPLAX,0.08253091077009837,0.0660033809641997,3.5797023524840674
XJTU,R2.5,DEEPOPINN (U_1),1.998958170413971,1.9973351955413818,106.33610486984253
XJTU,R2.5,KADOPLAX,0.11422399058938026,0.09867867827415466,5.248901806771755
XJTU,R2.5,LAX (U_2),0.11410253867506981,0.09854060783982277,5.242194980382919
XJTU,R2.5,POST_KADOPLAX,0.1142403706908226,0.09869186952710152,5.249566212296486
XJTU,R3,DEEPOPINN (U_1),1.1356210112571716,1.1324758231639862,60.130998492240906
XJTU,R3,KADOPLAX,0.33489730954170227,0.32529638707637787,17.152556031942368
XJTU,R3,LAX (U_2),0.34329161047935486,0.33361072838306427,17.592978477478027
XJTU,R3,POST_KADOPLAX,0.3388608545064926,0.3298313468694687,17.39988401532173
XJTU,RW,DEEPOPINN (U_1),1.284710705280304,1.2629913091659546,68.387770652771
XJTU,RW,KADOPLAX,0.36935627460479736,0.3613685518503189,19.31675300002098
XJTU,RW,LAX (U_2),0.3685567229986191,0.36037038266658783,19.260837882757187
XJTU,RW,POST_KADOPLAX,0.3712748736143112,0.3631613850593567,19.41162869334221
XJTU,Sim_satellite,DEEPOPINN (U_1),1.2930367588996887,1.2898539304733276,68.09889674186707
XJTU,Sim_satellite,KADOPLAX,0.1256275177001953,0.11482889577746391,6.021361984312534
XJTU,Sim_satellite,LAX (U_2),0.125614982098341,0.11481602862477303,6.0207052156329155
XJTU,Sim_satellite,POST_KADOPLAX,0.12563031911849976,0.11483092978596687,6.021464057266712
