Dataset,Method,RMSE,MAE,MAPE
HUST,DEEPOPINN (U_1),0.8560377061367035,0.8521872709194819,78.63875677188237
HUST,KADOPLAX,0.08393359743058681,0.07248423683146636,6.859847034017245
HUST,LAX (U_2),0.08393359743058681,0.07248423683146636,6.859847034017245
HUST,POST_KADOPLAX,0.08394087975223859,0.07249088647464912,6.860408807794253
MIT,DEEPOPINN (U_1),0.051760111656039956,0.04738994026556611,4.551132712513208
MIT,KADOPLAX,0.0512793299742043,0.04526264416053891,4.346395740285516
MIT,LAX (U_2),0.22261826498433948,0.21776130581274628,21.026809699833393
MIT,POST_KADOPLAX,0.05105103440582752,0.04490618528798222,4.3146715965121984
TJU,DEEPOPINN (U_1),0.26958890117350076,0.24469360567274548,8.918971550606546
TJU,KADOPLAX,0.23341910257225945,0.2101781286654018,7.222495503014042
TJU,LAX (U_2),2.6507910660334995,2.64464947723207,91.50095667157855
TJU,POST_KADOPLAX,0.22968182393482753,0.205195613915012,7.06558490970305
XJTU,DEEPOPINN (U_1),1.3842630753150353,1.376302521962386,73.48374540989215
XJTU,KADOPLAX,0.8041434763715818,0.7975099264429166,42.5536287518648
XJTU,LAX (U_2),0.6711151657196192,0.6627870912735279,35.38124618621973
XJTU,POST_KADOPLAX,0.7720068303438333,0.7653055712580681,40.81371326286059
