cycle_index,true_kpd,pred_kpd,kpd_error,true_knee_cycle,pred_knee_cycle,split
0,1.5662714,1.4809551,-0.0853163,221,240,test
1,1.5662509,1.4996141,-0.0666368,221,240,test
2,1.5662302,1.505208,-0.061022162,221,240,test
3,1.5662092,1.5206196,-0.045589566,221,240,test
4,1.5661881,1.4766879,-0.08950019,221,240,test
5,1.5661668,1.474812,-0.09135473,221,240,test
6,1.5661452,1.4296892,-0.13645601,221,240,test
7,1.5661235,1.4798008,-0.086322665,221,240,test
8,1.5661016,1.4033401,-0.16276145,221,240,test
9,1.5660794,1.461005,-0.105074406,221,240,test
10,1.566057,1.4671555,-0.09890151,221,240,test
11,1.5660344,1.4767127,-0.08932173,221,240,test
12,1.5660117,1.4803433,-0.085668325,221,240,test
13,1.5659887,1.5025547,-0.063434005,221,240,test
14,1.5659654,1.4860709,-0.07989454,221,240,test
15,1.565942,1.4925821,-0.07335997,221,240,test
16,1.5659183,1.4393153,-0.126603,221,240,test
17,1.5658944,1.4322796,-0.13361478,221,240,test
18,1.5658703,1.424551,-0.14131927,221,240,test
19,1.5658458,1.4348623,-0.13098359,221,240,test
20,1.5658213,1.4226954,-0.14312589,221,240,test
21,1.5657964,1.407919,-0.15787733,221,240,test
22,1.5657712,1.457051,-0.10872018,221,240,test
23,1.5657458,1.4446461,-0.12109971,221,240,test
24,1.5657202,1.4519501,-0.11377013,221,240,test
25,1.5656943,1.4465082,-0.11918616,221,240,test
26,1.5656682,1.3869655,-0.17870271,221,240,test
27,1.5656418,1.3833797,-0.18226206,221,240,test
28,1.565615,1.3762552,-0.1893599,221,240,test
29,1.565588,1.4362901,-0.12929785,221,240,test
30,1.5655608,1.428152,-0.13740885,221,240,test
31,1.5655332,1.4430213,-0.12251186,221,240,test
32,1.5655054,1.4053941,-0.16011131,221,240,test
33,1.5654773,1.404315,-0.16116226,221,240,test
34,1.5654488,1.4423116,-0.12313712,221,240,test
35,1.56542,1.437572,-0.12784803,221,240,test
36,1.565391,1.4327674,-0.13262355,221,240,test
37,1.5653616,1.4056287,-0.15973294,221,240,test
38,1.5653319,1.4395381,-0.12579381,221,240,test
39,1.5653019,1.4215603,-0.14374161,221,240,test
40,1.5652715,1.3853261,-0.17994535,221,240,test
41,1.5652409,1.3767099,-0.18853092,221,240,test
42,1.5652097,1.3569643,-0.2082454,221,240,test
43,1.5651784,1.3896079,-0.17557049,221,240,test
44,1.5651467,1.3885032,-0.17664349,221,240,test
45,1.5651146,1.3705871,-0.1945275,221,240,test
46,1.5650821,1.3730712,-0.19201088,221,240,test
47,1.5650493,1.4088775,-0.1561718,221,240,test
48,1.565016,1.4355063,-0.12950969,221,240,test
49,1.5649824,1.4060848,-0.15889764,221,240,test
50,1.5649484,1.4461955,-0.11875296,221,240,test
51,1.564914,1.4475051,-0.11740887,221,240,test
52,1.5648792,1.4777365,-0.087142706,221,240,test
53,1.564844,1.4990802,-0.06576383,221,240,test
54,1.5648084,1.4803108,-0.08449757,221,240,test
55,1.5647722,1.4863118,-0.078460455,221,240,test
56,1.5647358,1.4835317,-0.08120406,221,240,test
57,1.5646988,1.4624052,-0.10229361,221,240,test
58,1.5646614,1.4665277,-0.09813368,221,240,test
59,1.5646236,1.4631429,-0.10148072,221,240,test
60,1.5645852,1.4605694,-0.10401583,221,240,test
61,1.5645465,1.4844565,-0.08008993,221,240,test
62,1.5645071,1.5093522,-0.05515492,221,240,test
63,1.5644673,1.5095412,-0.054926157,221,240,test
64,1.564427,1.4933902,-0.071036816,221,240,test
65,1.5643861,1.4737804,-0.090605736,221,240,test
66,1.5643448,1.493161,-0.0711838,221,240,test
67,1.5643029,1.4891183,-0.07518458,221,240,test
68,1.5642605,1.4590015,-0.10525894,221,240,test
69,1.5642174,1.4810678,-0.08314967,221,240,test
70,1.5641739,1.4962852,-0.06788874,221,240,test
71,1.5641297,1.474467,-0.08966267,221,240,test
72,1.564085,1.4643443,-0.09974074,221,240,test
73,1.5640397,1.481072,-0.08296776,221,240,test
74,1.5639937,1.4906788,-0.073314905,221,240,test
75,1.5639471,1.4601257,-0.1038214,221,240,test
76,1.5638999,1.4490054,-0.11489451,221,240,test
77,1.563852,1.4823505,-0.081501484,221,240,test
78,1.5638034,1.4607003,-0.10310316,221,240,test
79,1.5637542,1.4489591,-0.11479509,221,240,test
80,1.5637043,1.3714412,-0.192263,221,240,test
81,1.5636536,1.3631145,-0.20053911,221,240,test
82,1.5636022,1.3369126,-0.22668958,221,240,test
83,1.5635501,1.3359709,-0.22757924,221,240,test
84,1.5634972,1.3511198,-0.21237743,221,240,test
85,1.5634435,1.3512859,-0.2121576,221,240,test
86,1.5633891,1.3559396,-0.20744944,221,240,test
87,1.5633337,1.4416687,-0.121665,221,240,test
88,1.5632777,1.4080441,-0.15523362,221,240,test
89,1.5632207,1.4144301,-0.1487906,221,240,test
90,1.5631629,1.422605,-0.14055789,221,240,test
91,1.5631042,1.4143969,-0.14870727,221,240,test
92,1.5630445,1.4059216,-0.15712297,221,240,test
93,1.562984,1.4161031,-0.14688087,221,240,test
94,1.5629225,1.3899047,-0.17301774,221,240,test
95,1.56286,1.3623925,-0.20046747,221,240,test
96,1.5627965,1.3817912,-0.18100524,221,240,test
97,1.562732,1.3953648,-0.16736722,221,240,test
98,1.5626664,1.3865676,-0.17609882,221,240,test
99,1.5625998,1.4053977,-0.15720212,221,240,test
100,1.5625321,1.429359,-0.13317311,221,240,test
101,1.5624632,1.4365649,-0.12589824,221,240,test
102,1.5623932,1.4220585,-0.14033473,221,240,test
103,1.5623219,1.4469147,-0.11540723,221,240,test
104,1.5622495,1.4340473,-0.1282022,221,240,test
105,1.5621759,1.448081,-0.11409485,221,240,test
106,1.5621009,1.4692099,-0.09289098,221,240,test
107,1.5620246,1.4448388,-0.11718583,221,240,test
108,1.561947,1.489123,-0.072824,221,240,test
109,1.561868,1.478902,-0.08296597,221,240,test
110,1.5617876,1.4693313,-0.09245634,221,240,test
111,1.5617057,1.4638294,-0.09787631,221,240,test
112,1.5616223,1.4733942,-0.08822811,221,240,test
113,1.5615374,1.4859498,-0.07558763,221,240,test
114,1.5614508,1.4671738,-0.094277024,221,240,test
115,1.5613626,1.4539714,-0.10739124,221,240,test
116,1.5612729,1.4590375,-0.10223532,221,240,test
117,1.5611812,1.4683453,-0.0928359,221,240,test
118,1.5610878,1.4455973,-0.115490556,221,240,test
119,1.5609927,1.459674,-0.10131872,221,240,test
120,1.5608957,1.4735519,-0.08734381,221,240,test
121,1.5607966,1.469248,-0.09154856,221,240,test
122,1.5606956,1.4826839,-0.07801175,221,240,test
123,1.5605927,1.4971125,-0.06348014,221,240,test
124,1.5604874,1.4953632,-0.065124154,221,240,test
125,1.56038,1.4847939,-0.07558608,221,240,test
126,1.5602704,1.4905947,-0.069675684,221,240,test
127,1.5601584,1.484033,-0.07612538,221,240,test
128,1.560044,1.4636867,-0.096357346,221,240,test
129,1.5599272,1.4623425,-0.097584724,221,240,test
130,1.5598078,1.4546266,-0.10518122,221,240,test
131,1.5596857,1.469566,-0.09011972,221,240,test
132,1.5595609,1.4788927,-0.08066821,221,240,test
133,1.5594332,1.4973774,-0.062055826,221,240,test
134,1.5593026,1.4885406,-0.07076192,221,240,test
135,1.5591689,1.4740951,-0.08507383,221,240,test
136,1.5590322,1.4983978,-0.060634375,221,240,test
137,1.5588921,1.4980557,-0.060836434,221,240,test
138,1.5587487,1.4710579,-0.08769083,221,240,test
139,1.5586019,1.491508,-0.06709385,221,240,test
140,1.5584513,1.5305138,-0.027937531,221,240,test
141,1.5582969,1.5159278,-0.042369127,221,240,test
142,1.5581387,1.5123703,-0.04576838,221,240,test
143,1.5579765,1.5435021,-0.014474392,221,240,test
144,1.5578101,1.554558,-0.0032520294,221,240,test
145,1.5576392,1.5290055,-0.028633714,221,240,test
146,1.5574638,1.5133398,-0.044124007,221,240,test
147,1.5572836,1.4830039,-0.074279785,221,240,test
148,1.5570985,1.4878999,-0.06919861,221,240,test
149,1.5569084,1.4589185,-0.09798992,221,240,test
150,1.5567127,1.4338248,-0.12288797,221,240,test
151,1.5565116,1.4414468,-0.11506486,221,240,test
152,1.5563046,1.4666207,-0.08968389,221,240,test
153,1.5560915,1.4483383,-0.10775328,221,240,test
154,1.5558721,1.4610415,-0.09483063,221,240,test
155,1.555646,1.4352175,-0.12042844,221,240,test
156,1.5554129,1.4333905,-0.12202239,221,240,test
157,1.5551726,1.4414032,-0.11376941,221,240,test
158,1.5549246,1.4196526,-0.13527203,221,240,test
159,1.5546687,1.4438605,-0.110808134,221,240,test
160,1.5544044,1.5404375,-0.013966918,221,240,test
161,1.5541312,1.5332824,-0.020848751,221,240,test
162,1.5538487,1.5361542,-0.017694592,221,240,test
163,1.5535567,1.5291225,-0.024434209,221,240,test
164,1.5532542,1.5052993,-0.047954917,221,240,test
165,1.5529411,1.5068599,-0.046081185,221,240,test
166,1.5526165,1.4940501,-0.058566332,221,240,test
167,1.55228,1.5236624,-0.028617501,221,240,test
168,1.5519307,1.4681964,-0.083734274,221,240,test
169,1.5515679,1.4837778,-0.06779015,221,240,test
170,1.551191,1.5192289,-0.031962037,221,240,test
171,1.550799,1.4720184,-0.07878065,221,240,test
172,1.550391,1.4886978,-0.06169319,221,240,test
173,1.549966,1.4860948,-0.063871145,221,240,test
174,1.549523,1.4942253,-0.055297732,221,240,test
175,1.5490606,1.4882294,-0.06083119,221,240,test
176,1.5485778,1.6049832,0.056405425,221,240,test
177,1.5480729,1.5924528,0.04437983,221,240,test
178,1.5475447,1.607028,0.05948329,221,240,test
179,1.5469913,1.5934501,0.04645872,221,240,test
180,1.5464109,1.5826855,0.036274552,221,240,test
181,1.5458015,1.591656,0.04585445,221,240,test
182,1.5451609,1.5656047,0.020443797,221,240,test
183,1.5444866,1.5720712,0.027584553,221,240,test
184,1.5437759,1.59756,0.053784132,221,240,test
185,1.5430257,1.6098125,0.066786766,221,240,test
186,1.5422326,1.5779918,0.03575921,221,240,test
187,1.541393,1.5852456,0.043852568,221,240,test
188,1.5405025,1.5715703,0.031067729,221,240,test
189,1.5395565,1.5761896,0.036633134,221,240,test
190,1.5385494,1.559348,0.020798564,221,240,test
191,1.5374753,1.5237142,-0.013761163,221,240,test
192,1.5363272,1.6253083,0.08898103,221,240,test
193,1.5350972,1.625852,0.09075475,221,240,test
194,1.5337762,1.628941,0.095164895,221,240,test
195,1.5323538,1.6086252,0.076271415,221,240,test
196,1.5308176,1.634578,0.10376036,221,240,test
197,1.5291537,1.6484896,0.11933589,221,240,test
198,1.5273454,1.6556538,0.12830842,221,240,test
199,1.5253731,1.6624446,0.13707149,221,240,test
200,1.5232133,1.6401546,0.11694133,221,240,test
201,1.5208379,1.6311781,0.11034024,221,240,test
202,1.5182133,1.5889537,0.07074046,221,240,test
203,1.5152978,1.6147125,0.099414706,221,240,test
204,1.5120405,1.5816239,0.069583416,221,240,test
205,1.5083776,1.565311,0.056933403,221,240,test
206,1.5042281,1.5710795,0.06685138,221,240,test
207,1.4994888,1.6040366,0.10454774,221,240,test
208,1.4940244,1.4969313,0.0029069185,221,240,test
209,1.487655,1.4719987,-0.015656352,221,240,test
210,1.4801364,1.4490986,-0.031037807,221,240,test
211,1.4711276,1.4200876,-0.051040053,221,240,test
212,1.4601392,1.4391136,-0.021025538,221,240,test
213,1.4464413,1.4155735,-0.030867815,221,240,test
214,1.4288993,1.394836,-0.03406334,221,240,test
215,1.4056476,1.4150853,0.00943768,221,240,test
216,1.3734008,1.4208272,0.047426343,221,240,test
217,1.3258177,1.3708059,0.044988155,221,240,test
218,1.2490457,1.3532246,0.104178905,221,240,test
219,1.1071488,1.3587759,0.2516271,221,240,test
220,0.7853982,1.334609,0.54921085,221,240,test
221,-0.0,1.3003522,1.3003522,221,240,test
222,-0.7853982,1.3219079,2.107306,221,240,test
223,-1.1071488,1.253305,2.3604536,221,240,test
224,-1.2490457,0.91060966,2.1596553,221,240,test
225,-1.3258177,0.84227735,2.168095,221,240,test
226,-1.3734008,0.809599,2.1829998,221,240,test
227,-1.4056476,0.7288137,2.1344614,221,240,test
228,-1.4288993,0.7805209,2.2094202,221,240,test
229,-1.4464413,0.8051782,2.2516196,221,240,test
230,-1.4601392,0.8333579,2.293497,221,240,test
231,-1.4711276,0.6787414,2.149869,221,240,test
232,-1.4801364,0.69624895,2.1763854,221,240,test
233,-1.487655,0.59947866,2.0871336,221,240,test
234,-1.4940244,0.7535209,2.2475452,221,240,test
235,-1.4994888,0.7083337,2.2078226,221,240,test
236,-1.5042281,0.6326713,2.1368995,221,240,test
237,-1.5083776,0.55879533,2.067173,221,240,test
238,-1.5120405,0.42068833,1.9327288,221,240,test
239,-1.5152978,0.28435546,1.7996533,221,240,test
240,-1.5182133,-0.096456595,1.4217566,221,240,test
241,-1.5208379,-0.14782846,1.3730094,221,240,test
242,-1.5232133,-0.24583307,1.2773802,221,240,test
243,-1.5253731,-0.42703974,1.0983334,221,240,test
244,-1.5273454,-0.59862757,0.92871785,221,240,test
245,-1.5291537,-0.7617111,0.7674426,221,240,test
246,-1.5308176,-0.8973869,0.6334307,221,240,test
247,-1.5323538,-0.9450845,0.58726925,221,240,test
248,-1.5337762,-1.0191183,0.51465786,221,240,test
249,-1.5350972,-1.1177211,0.41737616,221,240,test
250,-1.5363272,-1.1695316,0.36679566,221,240,test
251,-1.5374753,-1.240359,0.2971164,221,240,test
252,-1.5385494,-1.3276647,0.21088469,221,240,test
253,-1.5395565,-1.3987039,0.14085257,221,240,test
254,-1.5405025,-1.4831711,0.057331443,221,240,test
255,-1.541393,-1.5020531,0.0393399,221,240,test
256,-1.5422326,-1.6897483,-0.14751565,221,240,test
