Dataset,Batch,Model,MSE,RMSE,MAE,MAPE
HUST,default,TCN,0.41860583424568176,0.6469975535082662,0.18744520843029022,64370.892333984375
HUST,default,DeepOPINN,0.00015420881391037256,0.012418084148143486,0.009419139474630356,0.961695984005928
HUST,default,LAX,0.4235658347606659,0.6508193564735655,0.2053983509540558,66466.2841796875
HUST,default,DOPDeepOLAX,0.00012153050192864612,0.011024087351279747,0.008271037600934505,0.8446114137768745
HUST,default,KADOPLAX (PostProcessed),0.00011587503571690353,0.010764526729815089,0.008066548896546477,0.8239260196933603
MIT,2017-05-12,TCN,0.7378634810447693,0.8589898026430636,0.30398404598236084,148655.84716796875
MIT,2017-05-12,DeepOPINN,0.00013042821956332773,0.011420517482291585,0.009147845208644867,0.9695182554423809
MIT,2017-05-12,LAX,0.5534107685089111,0.7439158342910246,0.2759118676185608,124739.00146484375
MIT,2017-05-12,DOPDeepOLAX,2.4543139934539795,1.566625032818632,1.5647331476211548,1436.7284774780273
MIT,2017-05-12,KADOPLAX (PostProcessed),2.423989758706379,1.5569167475193972,1.5550963829305033,99.87875931946975
MIT,2017-06-30,TCN,0.7311180233955383,0.8550543979160263,0.3318525552749634,235349.6337890625
MIT,2017-06-30,DeepOPINN,0.00015415274538099766,0.012415826407492885,0.008086220361292362,0.8772610686719418
MIT,2018-04-12,TCN,0.23725415766239166,0.4870874230180776,0.2174982875585556,66000.38452148438
MIT,2018-04-12,DeepOPINN,4.882794382865541e-05,0.006987699466108671,0.005760895553976297,0.6087902467697859
