Dataset,Batch,Battery,Model,MSE,RMSE,MAE,MAPE
HUST,default,9-7,TCN,0.034405458718538284,0.1854870850451273,0.060713090002536774,14800.714111328125
HUST,default,9-7,DeepOPINN,7.841282058507204e-05,0.008855101387622393,0.006032883655279875,0.6471885368227959
HUST,default,9-7,LAX,0.05057067796587944,0.22487925196842737,0.08740696310997009,15438.127136230469
HUST,default,9-7,DOPDeepOLAX,3.824317536782473e-05,0.006184106675003653,0.004355027340352535,0.4555097781121731
HUST,default,9-7,KADOPLAX (PostProcessed),3.406014259069808e-05,0.005836106800830334,0.004079761674265532,0.4278617555052458
HUST,default,1-5,TCN,0.7057980895042419,0.8401179021448371,0.2775859832763672,80969.29321289062
HUST,default,1-5,DeepOPINN,0.0005410806625150144,0.023261140610791518,0.022263802587985992,2.322431467473507
HUST,default,1-5,LAX,0.681807816028595,0.8257165470236109,0.2929476201534271,80041.36352539062
HUST,default,1-5,DOPDeepOLAX,0.0002394806797383353,0.015475163318632062,0.010959192179143429,1.1582538485527039
HUST,default,1-5,KADOPLAX (PostProcessed),0.0002302120784618555,0.015172741296873665,0.010418220522504996,1.1020079431986034
HUST,default,7-2,TCN,0.8240659236907959,0.9077807685178156,0.3137505054473877,76221.09375
HUST,default,7-2,DeepOPINN,2.878259874705691e-05,0.00536494163500936,0.0042070019990205765,0.4400423727929592
HUST,default,7-2,LAX,0.46843481063842773,0.6844229764103684,0.22457849979400635,75340.234375
HUST,default,7-2,DOPDeepOLAX,8.712914859643206e-05,0.009334299577174071,0.007799518760293722,0.7954481989145279
HUST,default,7-2,KADOPLAX (PostProcessed),7.88137879618502e-05,0.008877712991635301,0.007684125019646731,0.7831929684596873
HUST,default,10-4,TCN,0.8753094673156738,0.9355797493082425,0.3427414894104004,85534.99755859375
HUST,default,10-4,DeepOPINN,0.0001622488780412823,0.012737695162048835,0.009729434736073017,1.0176082141697407
HUST,default,10-4,LAX,1.2833353281021118,1.1328439116233586,0.47583597898483276,85949.56665039062
HUST,default,10-4,DOPDeepOLAX,0.00012586855154950172,0.011219115453078363,0.008065400645136833,0.8287508971989155
HUST,default,10-4,KADOPLAX (PostProcessed),0.00011930366589493703,0.010922621750062438,0.007930673815793493,0.8149827471306305
HUST,default,9-1,TCN,0.4575910270214081,0.6764547486871595,0.19956953823566437,73578.52783203125
HUST,default,9-1,DeepOPINN,0.0001402257476001978,0.011841695300935495,0.009920554235577583,0.9791987016797066
HUST,default,9-1,LAX,0.24403835833072662,0.49400238696865284,0.15018300712108612,62200.836181640625
HUST,default,9-1,DOPDeepOLAX,0.0001226338354172185,0.011074016227964383,0.008965806104242802,0.8808309212327003
HUST,default,9-1,KADOPLAX (PostProcessed),0.00011932029850064508,0.01092338310692457,0.008728098490317322,0.8567589874292585
HUST,default,10-6,TCN,0.18629731237888336,0.43162172371056967,0.11128303408622742,62924.76806640625
HUST,default,10-6,DeepOPINN,0.0004076777840964496,0.02019103226921421,0.016987966373562813,1.6218161210417747
HUST,default,10-6,LAX,0.335227906703949,0.5789886930709001,0.174625962972641,66307.94677734375
HUST,default,10-6,DOPDeepOLAX,0.00019955125753767788,0.014126261272455564,0.012134959921240807,1.1873024515807629
HUST,default,10-6,KADOPLAX (PostProcessed),0.0001926991561237988,0.013881612158672306,0.012042598945386895,1.1781949215896403
HUST,default,2-3,TCN,0.09260530024766922,0.30431118981672234,0.08790124952793121,51535.43701171875
HUST,default,2-3,DeepOPINN,0.00011607332271523774,0.010773732998141255,0.008601867593824863,0.9023422375321388
HUST,default,2-3,LAX,0.39833563566207886,0.6311383649106421,0.19043882191181183,82816.08276367188
HUST,default,2-3,DOPDeepOLAX,8.605216862633824e-05,0.009276430812890174,0.007121500559151173,0.7516802754253149
HUST,default,2-3,KADOPLAX (PostProcessed),8.387888840036843e-05,0.009158541827188891,0.007033740667917873,0.7434432078264115
HUST,default,3-6,TCN,0.8135775923728943,0.9019853615069894,0.30930325388908386,63466.497802734375
HUST,default,3-6,DeepOPINN,6.66069972794503e-05,0.008161311002495267,0.007535576354712248,0.7734008599072695
HUST,default,3-6,LAX,0.19982974231243134,0.44702320108964294,0.12944795191287994,53227.008056640625
HUST,default,3-6,DOPDeepOLAX,5.556278847507201e-05,0.007454045108199441,0.005790260154753923,0.591314909979701
HUST,default,3-6,KADOPLAX (PostProcessed),5.112228304133423e-05,0.007149984828049233,0.005405441832188668,0.5529207722962037
HUST,default,4-1,TCN,0.02147073484957218,0.14652895566942453,0.04972635582089424,21527.561950683594
HUST,default,4-1,DeepOPINN,9.872908412944525e-05,0.009936251009784588,0.008847268298268318,0.9110499173402786
HUST,default,4-1,LAX,0.37047848105430603,0.6086694349598196,0.19007059931755066,71057.48291015625
HUST,default,4-1,DOPDeepOLAX,0.0003121320914942771,0.01766726044111755,0.015595789067447186,1.6028478741645813
HUST,default,4-1,KADOPLAX (PostProcessed),0.000300843357702608,0.017344836629458578,0.015516720124862297,1.5953204788855053
HUST,default,4-5,TCN,0.14396563172340393,0.3794280323373643,0.11104986071586609,71700.32348632812
HUST,default,4-5,DeepOPINN,4.221225026412867e-05,0.006497095525242696,0.005946349818259478,0.6046208553016186
HUST,default,4-5,LAX,0.05924241989850998,0.24339765795609042,0.08948034793138504,19414.732360839844
HUST,default,4-5,DOPDeepOLAX,6.441423465730622e-05,0.00802584790893188,0.006989600136876106,0.7053590379655361
HUST,default,4-5,KADOPLAX (PostProcessed),6.169415775857356e-05,0.007854562862347819,0.006918941867324234,0.6985983376949926
HUST,default,1-4,TCN,0.2995624244213104,0.5473229617157592,0.155619278550148,98789.58740234375
HUST,default,1-4,DeepOPINN,8.269312820630148e-05,0.009093576205558597,0.007462241221219301,0.7902231998741627
HUST,default,1-4,LAX,0.488971471786499,0.6992649510639719,0.21851840615272522,101510.11962890625
HUST,default,1-4,DOPDeepOLAX,4.591740434989333e-05,0.006776238215255816,0.005156396422535181,0.555739738047123
HUST,default,1-4,KADOPLAX (PostProcessed),4.045163525245914e-05,0.006360160002111514,0.004857330759824203,0.5256295642320183
HUST,default,10-7,TCN,0.4688819348812103,0.6847495417166851,0.2066889852285385,92563.32397460938
HUST,default,10-7,DeepOPINN,9.680791663413402e-06,0.0031113970597487876,0.002538954373449087,0.25794014800339937
HUST,default,10-7,LAX,0.6530968546867371,0.8081440804007273,0.2898445129394531,96965.21606445312
HUST,default,10-7,DOPDeepOLAX,1.7395472241332754e-05,0.004170787964082177,0.0036441131960600615,0.36623706109821796
HUST,default,10-7,KADOPLAX (PostProcessed),1.628973739617487e-05,0.004036054682010003,0.003567286469747672,0.35798207827790884
MIT,2017-05-12,2017-05-12_2017-05-12_battery-19,TCN,0.0511336587369442,0.22612752759658475,0.09232594817876816,56358.0810546875
MIT,2017-05-12,2017-05-12_2017-05-12_battery-19,DeepOPINN,0.0003240492951590568,0.018001369257894157,0.017570361495018005,1.8642663955688477
MIT,2017-05-12,2017-05-12_2017-05-12_battery-19,LAX,0.09720107167959213,0.31177086406460774,0.11147978156805038,98711.376953125
MIT,2017-05-12,2017-05-12_2017-05-12_battery-19,DOPDeepOLAX,2.4474070072174072,1.5644190638116782,1.5620064735412598,1529.5401573181152
MIT,2017-05-12,2017-05-12_2017-05-12_battery-19,KADOPLAX (PostProcessed),2.4142680967686556,1.5537915229427195,1.5514639699700843,99.84394150963236
MIT,2017-05-12,2017-05-12_2017-05-12_battery-44,TCN,0.4838482737541199,0.6955920311174646,0.24353951215744019,242548.6328125
MIT,2017-05-12,2017-05-12_2017-05-12_battery-44,DeepOPINN,0.00018738747166935354,0.013688954367275593,0.013024265877902508,1.36421462520957
MIT,2017-05-12,2017-05-12_2017-05-12_battery-44,LAX,0.6238226890563965,0.789824467243448,0.2935211658477783,253133.2763671875
MIT,2017-05-12,2017-05-12_2017-05-12_battery-44,DOPDeepOLAX,2.437556266784668,1.5612675192883083,1.558651089668274,1617.2176361083984
MIT,2017-05-12,2017-05-12_2017-05-12_battery-44,KADOPLAX (PostProcessed),2.407604027013799,1.551645586792873,1.5491285037186187,99.83046462351425
MIT,2017-05-12,2017-05-12_2017-05-12_battery-13,TCN,0.147535040974617,0.38410290414759557,0.11611803621053696,130943.93310546875
MIT,2017-05-12,2017-05-12_2017-05-12_battery-13,DeepOPINN,1.0094464414578397e-05,0.0031771786878578923,0.002495218301191926,0.25914732832461596
MIT,2017-05-12,2017-05-12_2017-05-12_battery-13,LAX,0.0643898993730545,0.2537516490055868,0.10971906036138535,27635.446166992188
MIT,2017-05-12,2017-05-12_2017-05-12_battery-13,DOPDeepOLAX,2.4516263008117676,1.5657670008056013,1.563942551612854,1147.6338386535645
MIT,2017-05-12,2017-05-12_2017-05-12_battery-13,KADOPLAX (PostProcessed),2.424132194577477,1.5569624897785679,1.5552132580693858,99.88353925286756
MIT,2017-05-12,2017-05-12_2017-05-12_battery-5,TCN,0.818876326084137,0.9049178559870156,0.3206591010093689,108569.10400390625
MIT,2017-05-12,2017-05-12_2017-05-12_battery-5,DeepOPINN,9.342766861664131e-05,0.009665798912487334,0.006294285412877798,0.6720788776874542
MIT,2017-05-12,2017-05-12_2017-05-12_battery-5,LAX,0.4853905439376831,0.696699751641755,0.2541082203388214,76274.3896484375
MIT,2017-05-12,2017-05-12_2017-05-12_battery-5,DOPDeepOLAX,2.4737846851348877,1.5728269724082455,1.5716626644134521,1029.2552947998047
MIT,2017-05-12,2017-05-12_2017-05-12_battery-5,KADOPLAX (PostProcessed),2.438944917082251,1.561712174852412,1.5605942645550477,99.92630743703968
MIT,2017-05-12,2017-05-12_2017-05-12_battery-7,TCN,0.8862594366073608,0.941413531136748,0.3191436231136322,262088.5498046875
MIT,2017-05-12,2017-05-12_2017-05-12_battery-7,DeepOPINN,0.00016084598610177636,0.012682507090547057,0.011053032241761684,1.1556928046047688
MIT,2017-05-12,2017-05-12_2017-05-12_battery-7,LAX,0.8627315759658813,0.9288334489917347,0.3162862956523895,260763.916015625
MIT,2017-05-12,2017-05-12_2017-05-12_battery-7,DOPDeepOLAX,2.442538022994995,1.562862125395262,1.5602400302886963,1617.264747619629
MIT,2017-05-12,2017-05-12_2017-05-12_battery-7,KADOPLAX (PostProcessed),2.4100732807704373,1.5524410715935202,1.549917508181879,99.83045966944367
MIT,2017-05-12,2017-05-12_2017-05-12_battery-25,TCN,0.12648668885231018,0.35564967152003696,0.10385538637638092,121653.47900390625
MIT,2017-05-12,2017-05-12_2017-05-12_battery-25,DeepOPINN,9.411749488208443e-05,0.009701417158440535,0.008976674638688564,0.9509547613561153
MIT,2017-05-12,2017-05-12_2017-05-12_battery-25,LAX,0.1153470128774643,0.3396277563413572,0.1361519694328308,91948.2177734375
MIT,2017-05-12,2017-05-12_2017-05-12_battery-25,DOPDeepOLAX,2.4501099586486816,1.5652827088576304,1.5636279582977295,1588.6115074157715
MIT,2017-05-12,2017-05-12_2017-05-12_battery-25,KADOPLAX (PostProcessed),2.427167756169064,1.5579370193204423,1.5563621284073865,99.89535608281919
MIT,2017-05-12,2017-05-12_2017-05-12_battery-6,TCN,2.63564133644104,1.623465840860546,0.9337104558944702,189969.73876953125
MIT,2017-05-12,2017-05-12_2017-05-12_battery-6,DeepOPINN,0.0001466211542719975,0.012108722239443662,0.010354232043027878,1.1173831298947334
MIT,2017-05-12,2017-05-12_2017-05-12_battery-6,LAX,1.8316938877105713,1.353400859948955,0.758226215839386,177490.0146484375
MIT,2017-05-12,2017-05-12_2017-05-12_battery-6,DOPDeepOLAX,2.455782651901245,1.5670936959547903,1.5651330947875977,1927.756690979004
MIT,2017-05-12,2017-05-12_2017-05-12_battery-6,KADOPLAX (PostProcessed),2.4248085130808965,1.5571796662816069,1.5552605643601674,99.87206631182804
MIT,2017-06-30,2017-06-30_2017-06-30_battery-20,TCN,3.0662484169006348,1.7510706487462562,1.0797269344329834,47083.96301269531
MIT,2017-06-30,2017-06-30_2017-06-30_battery-20,DeepOPINN,0.0005432407488115132,0.0233075255831998,0.020377270877361298,2.2398335859179497
MIT,2017-06-30,2017-06-30_2017-06-30_battery-19,TCN,0.04598510265350342,0.21444137346487832,0.11641526222229004,57656.50634765625
MIT,2017-06-30,2017-06-30_2017-06-30_battery-19,DeepOPINN,0.0001458909100620076,0.012078530956288004,0.010447109118103981,1.1135606095194817
MIT,2017-06-30,2017-06-30_2017-06-30_battery-13,TCN,0.49342089891433716,0.7024392492695274,0.26813873648643494,351838.6474609375
MIT,2017-06-30,2017-06-30_2017-06-30_battery-13,DeepOPINN,4.315106343710795e-05,0.0065689469047258975,0.0050550843589007854,0.5563362035900354
MIT,2017-06-30,2017-06-30_2017-06-30_battery-15,TCN,0.03434450924396515,0.18532271648118356,0.0944385826587677,170788.8916015625
MIT,2017-06-30,2017-06-30_2017-06-30_battery-15,DeepOPINN,5.151840014150366e-06,0.0022697665109324278,0.0018531524110585451,0.1926554716192186
MIT,2017-06-30,2017-06-30_2017-06-30_battery-40,TCN,0.15837661921977997,0.3979656005483137,0.12675510346889496,221253.1494140625
MIT,2017-06-30,2017-06-30_2017-06-30_battery-40,DeepOPINN,4.847316813538782e-05,0.0069622674564676,0.004986000247299671,0.5172670818865299
MIT,2017-06-30,2017-06-30_2017-06-30_battery-41,TCN,0.6602330803871155,0.8125472788626613,0.32849404215812683,559510.888671875
MIT,2017-06-30,2017-06-30_2017-06-30_battery-41,DeepOPINN,0.00014458507939707488,0.01202435359581025,0.006044056266546249,0.6713941227644682
MIT,2018-04-12,2018-04-12_2018-04-12_battery-27,TCN,0.1387098878622055,0.372437763743428,0.20618651807308197,27463.919067382812
MIT,2018-04-12,2018-04-12_2018-04-12_battery-27,DeepOPINN,8.163215534295887e-05,0.009035051485351862,0.008285543881356716,0.8620967157185078
MIT,2018-04-12,2018-04-12_2018-04-12_battery-34,TCN,0.3300642967224121,0.574512225041741,0.21463048458099365,98987.27416992188
MIT,2018-04-12,2018-04-12_2018-04-12_battery-34,DeepOPINN,6.0430487792473286e-05,0.007773704894866623,0.007018708623945713,0.7433251477777958
MIT,2018-04-12,2018-04-12_2018-04-12_battery-1,TCN,0.12100134044885635,0.347852469372946,0.18717648088932037,20588.087463378906
MIT,2018-04-12,2018-04-12_2018-04-12_battery-1,DeepOPINN,4.3201594962738454e-05,0.006572792021868519,0.004752857144922018,0.505425687879324
MIT,2018-04-12,2018-04-12_2018-04-12_battery-6,TCN,0.18406911194324493,0.4290327632515318,0.22529847919940948,62233.67919921875
MIT,2018-04-12,2018-04-12_2018-04-12_battery-6,DeepOPINN,7.155352795962244e-05,0.00845893184507491,0.007393471896648407,0.7874493487179279
MIT,2018-04-12,2018-04-12_2018-04-12_battery-8,TCN,0.290311723947525,0.5388058313971045,0.2124084234237671,74883.04443359375
MIT,2018-04-12,2018-04-12_2018-04-12_battery-8,DeepOPINN,1.8420134438201785e-05,0.004291868408770449,0.0033277778420597315,0.3519793739542365
MIT,2018-04-12,2018-04-12_2018-04-12_battery-21,TCN,0.33072417974472046,0.5750862367895101,0.3186168074607849,127046.44775390625
MIT,2018-04-12,2018-04-12_2018-04-12_battery-21,DeepOPINN,3.626099351095036e-05,0.006021710181580508,0.005570654291659594,0.5945396143943071
