Epoch,Train_Loss,Val_Loss
1,0.4895954136341169,0.4046808705130156
2,0.5250692024029631,0.6861106778712983
3,0.49320487967256715,0.6057775505679719
4,0.46525706562486774,0.4765803970872088
5,0.4130866157106152,0.41713523441357603
6,0.4340271398768943,0.5196757300720027
7,0.4303369781156392,0.5045849031220514
8,0.4568970360638129,0.4825156335421699
9,0.4328896674609164,0.9615741271182154
10,0.45261919490216745,0.4328804665793341
11,0.41847995307168895,0.498433434734689
12,0.40985633606894845,0.4838378057412222
13,0.4024599567598886,0.3977099712079404
14,0.46012780800596775,0.3956856730289622
15,0.4112103482801151,0.5540504378298833
16,0.39824970537271365,0.4062374081290888
17,0.400232701358783,0.3793934539079349
18,0.3895517311940689,0.36783519597288145
19,0.4255366453232237,0.4552567924062411
20,0.5037509764403333,0.5919857760032652
