voltage_mean,voltage_std,voltage_min,voltage_max,current_mean,current_std,temperature_mean,temperature_std,power_mean,power_std,capacity_start,capacity_delta,knee_point_distance,capacity
3.4315999999999995,0.1996333973395566,3.2317,3.6313,0.0,0.0,25.83333333333333,0.3349958540373629,0.0,0.0,0.0,0.0,1.0,2.0043871850177655
3.45765,0.0388780893734933,3.4229,3.517,1.9998166666666664,1.9998166844460743,26.950000000000003,0.8499999999999996,0.002,0.0030550504633038,0.0,0.0,0.993006993006993,1.9977337295554092
3.5050000000000003,0.0854525014262308,3.4197,3.5981,1.999833333333333,1.999833353612801,27.83333333333334,0.0471404520791021,0.002,0.0030550504633038,0.0,0.0,0.986013986013986,1.999384655271666
3.501616666666667,0.0849531325038824,3.4169,3.5953,1.9997833333333328,1.99978337028178,27.816666666666663,0.0372677996249957,0.002,0.0030550504633038,0.0,0.0,0.9790209790209791,1.9982490126865369
3.498866666666667,0.0849604156194061,3.4141,3.5921,1.9997833333333328,1.99978337028178,27.816666666666677,0.0372677996249957,0.002,0.0030550504633038,0.0,0.0,0.972027972027972,2.0006794187828443
3.496333333333333,0.0847991876271359,3.4117,3.5896,1.9997666666666667,1.9997667002816992,27.850000000000005,0.0499999999999989,0.002,0.0030550504633038,0.0,0.0,0.965034965034965,2.004803767587317
3.493933333333333,0.0849444458978273,3.4092,3.5876,1.9998166666666664,1.9998166844460743,27.86666666666667,0.0471404520791021,0.002,0.0030550504633038,0.0,0.0,0.958041958041958,1.9981390158325196
3.4915833333333333,0.0850967961924668,3.4067,3.5854,1.9997666666666667,1.9997667002816992,27.86666666666667,0.0471404520791021,0.002,0.0030550504633038,0.0,0.0,0.951048951048951,1.9981685093684665
3.4893,0.0851570314184331,3.4043,3.5834,1.9998166666666664,1.9998166844460743,27.86666666666667,0.0471404520791021,0.002,0.0030550504633038,0.0,0.0,0.9440559440559441,1.9959040822368719
3.488683333333334,0.0837829222190033,3.4051,3.5816,1.9998166666666664,1.9998166844460743,27.55,0.3499999999999996,0.002,0.0030550504633038,0.0,0.0,0.9370629370629371,1.9994150178548438
3.4889,0.0866487160897379,3.4023,3.585,1.9998166666666664,1.9998166844460743,27.35,0.1500000000000003,0.002,0.0030550504633038,0.0,0.0,0.9300699300699301,1.9962647941830354
3.48465,0.0873508967708212,3.3975,3.5818,1.9997666666666667,1.9997667002816992,27.6,0.0999999999999996,0.002,0.0030550504633038,0.0,0.0,0.9230769230769231,1.9965495362609709
3.4804500000000007,0.0863083184480692,3.3944,3.5764,1.9997666666666667,1.9997667002816992,27.75,0.0500000000000007,0.002,0.0030550504633038,0.0,0.0,0.916083916083916,2.000202860283114
3.4775333333333336,0.0867031846140742,3.3911,3.5742,1.9998166666666664,1.9998166844460743,27.78333333333333,0.037267799624997,0.002,0.0030550504633038,0.0,0.0,0.9090909090909091,1.9932888895858298
3.4741166666666667,0.086586361833464,3.3878,3.5707,1.9997666666666667,1.9997667002816992,27.83333333333333,0.0471404520791021,0.002,0.0030550504633038,0.0,0.0,0.9020979020979021,1.9907110227462008
3.47135,0.0869123456899728,3.3846,3.5681,1.9997666666666667,1.9997667002816992,27.83333333333333,0.0471404520791021,0.002,0.0030550504633038,0.0,0.0,0.8951048951048951,1.9929939486007988
3.4681833333333327,0.0870922196422975,3.3814,3.5658,1.9997666666666667,1.9997667002816992,27.83333333333333,0.0471404520791021,0.002,0.0030550504633038,0.0,0.0,0.8881118881118881,1.9951676798911877
3.464733333333333,0.0872512400421271,3.3778,3.5627,1.9998166666666664,1.9998166844460743,27.8,0.0,0.002,0.0030550504633038,0.0,0.0,0.8811188811188811,1.9920423370647344
3.461233333333334,0.086947525682001,3.3746,3.5588,1.9998166666666664,1.9998166844460743,27.816666666666677,0.0372677996249957,0.002,0.0030550504633038,0.0,0.0,0.8741258741258742,1.9936931037658352
3.458066666666666,0.0873530130498592,3.3709,3.5562,1.9997666666666667,1.9997667002816992,27.916666666666668,0.0687184270936276,0.0021666666666666,0.0033870669054835,0.0,0.0,0.8671328671328671,1.986188569555202
3.4538333333333333,0.0880916126667132,3.366,3.553,1.9997666666666667,1.9997667002816992,27.98333333333333,0.037267799624997,0.002,0.0030550504633038,0.0,0.0,0.8601398601398601,1.9848060513767705
3.4493333333333336,0.0873753334121758,3.3623,3.5481,1.9996666666666665,1.9996667469578249,28.0,0.0,0.002,0.0030550504633038,0.0,0.0,0.8531468531468531,1.9855121572309193
3.446066666666667,0.0873184720179844,3.3591,3.5448,1.99975,1.999750030837188,27.96666666666667,0.0471404520791038,0.002,0.0030550504633038,0.0,0.0,0.8461538461538461,1.9820366979001778
3.44285,0.0874094150153936,3.3558,3.5418,1.9997666666666667,1.9997667002816992,28.0,0.0,0.002,0.0030550504633038,0.0,0.0,0.8391608391608392,1.9869613448346801
3.4397333333333333,0.0872193722110456,3.3528,3.5388,1.9997666666666667,1.9997667002816992,27.98333333333333,0.037267799624997,0.002,0.0030550504633038,0.0,0.0,0.8321678321678322,1.9842139643906662
3.437116666666667,0.0877076092606691,3.3497,3.5364,1.9997666666666667,1.9997667002816992,27.98333333333333,0.037267799624997,0.002,0.0030550504633038,0.0,0.0,0.8251748251748252,1.990268830762563
3.433533333333333,0.0878363377095279,3.3461,3.5335,1.9997666666666667,1.9997667002816992,27.96666666666667,0.0471404520791038,0.002,0.0030550504633038,0.0,0.0,0.8181818181818182,1.9795970073131148
3.430683333333333,0.0874291030238533,3.3435,3.5301,1.9997833333333328,1.99978337028178,27.950000000000003,0.0500000000000007,0.002,0.0030550504633038,0.0,0.0,0.8111888111888111,1.9903955148823707
3.4281666666666664,0.0876982262585103,3.3408,3.5279,1.9997666666666667,1.9997667002816992,27.9,3.552713678800501e-15,0.002,0.0030550504633038,0.0,0.0,0.8041958041958042,1.9796649422487933
3.4256166666666665,0.0875204436435029,3.3385,3.5255,1.9997666666666667,1.9997667002816992,27.85,0.0499999999999989,0.002,0.0030550504633038,0.0,0.0,0.7972027972027972,1.9780507395990696
3.423016666666667,0.0874197044276759,3.336,3.5233,1.9997666666666667,1.9997667002816992,27.8,0.0,0.002,0.0030550504633038,0.0,0.0,0.7902097902097902,1.9791189771069782
3.4206,0.0881360879549347,3.3328,3.521,1.999833333333333,1.999833353612801,27.850000000000005,0.0499999999999989,0.002,0.0030550504633038,0.0,0.0,0.7832167832167832,1.9896366221744448
3.41815,0.0877448906394744,3.3308,3.5181,1.9998166666666664,1.9998166844460743,27.816666666666663,0.0372677996249957,0.002,0.0030550504633038,0.0,0.0,0.7762237762237763,1.9810850806959293
3.415983333333333,0.0878896356549254,3.3285,3.5162,1.9998166666666664,1.9998166844460743,27.766666666666666,0.0471404520791038,0.002,0.0030550504633038,0.0,0.0,0.7692307692307693,1.9827770827059559
3.413533333333333,0.088254568657316,3.3257,3.5142,1.9997666666666667,1.9997667002816992,27.78333333333333,0.037267799624997,0.002,0.0030550504633038,0.0,0.0,0.7622377622377622,1.9793376931223479
3.4106833333333326,0.0885864251577082,3.3225,3.5116,1.9998166666666664,1.9998166844460743,27.8,0.0,0.002,0.0030550504633038,0.0,0.0,0.7552447552447552,1.9791268649544587
3.407516666666666,0.0885038872341523,3.3194,3.5086,1.9998166666666664,1.9998166844460743,27.86666666666667,0.0745355992499924,0.002,0.0030550504633038,0.0,0.0,0.7482517482517482,1.9768775786881616
3.405333333333333,0.0871729634436936,3.3186,3.5052,1.9998166666666664,1.9998166844460743,27.85,0.0499999999999989,0.002,0.0030550504633038,0.0,0.0,0.7412587412587412,1.9785179941504394
3.4041833333333336,0.088317239099862,3.3163,3.5052,1.9998166666666664,1.9998166844460743,27.76666666666667,0.0471404520791038,0.002,0.0030550504633038,0.0,0.0,0.7342657342657343,1.9797073372964646
3.40185,0.087973191939363,3.3143,3.5026,1.999833333333333,1.999833353612801,27.8,0.0,0.002,0.0030550504633038,0.0,0.0,0.7272727272727273,1.9838560791821487
3.3998666666666666,0.0886117499106197,3.3117,3.5013,1.9998166666666664,1.9998166844460743,27.850000000000005,0.0499999999999989,0.002,0.0030550504633038,0.0,0.0,0.7202797202797203,1.9690589010573385
3.397733333333333,0.0882749807262637,3.3099,3.4989,1.9997833333333328,1.99978337028178,27.850000000000005,0.0499999999999989,0.002,0.0030550504633038,0.0,0.0,0.7132867132867133,1.982413977208266
3.3959166666666665,0.088173511076488,3.3082,3.4972,1.999833333333333,1.999833353612801,27.85,0.0499999999999989,0.002,0.0030550504633038,0.0,0.0,0.7062937062937062,1.9774964570927211
3.3968000000000003,0.0860365232522406,3.3112,3.4956,1.9998833333333328,1.9998833419449469,27.7,0.0999999999999996,0.002,0.0030550504633038,0.0,0.0,0.6993006993006993,1.9733274836679227
3.3966833333333333,0.0899638152567772,3.3071,3.4996,1.999833333333333,1.999833353612801,27.58333333333333,0.0897527467855748,0.002,0.0030550504633038,0.0,0.0,0.6923076923076923,1.9720215602806168
3.3936999999999995,0.0886575433902835,3.3055,3.4955,1.999833333333333,1.999833353612801,27.616666666666664,0.0372677996249957,0.002,0.0030550504633038,0.0,0.0,0.6853146853146853,1.9778010762078486
3.3923166666666664,0.088505186602569,3.3043,3.4942,1.999833333333333,1.999833353612801,27.6,3.552713678800501e-15,0.002,0.0030550504633038,0.0,0.0,0.6783216783216783,1.9739562071930472
3.3847,0.0954587345401142,3.2896,3.4933,1.99985,1.9998500225016875,27.950000000000003,0.3499999999999996,0.002,0.0030550504633038,0.0,0.0,0.6713286713286714,1.9663179519794167
3.37885,0.0840954566747416,3.2952,3.4764,1.99985,1.9998500225016875,28.05,0.25,0.002,0.0030550504633038,0.0,0.0,0.6643356643356644,1.9733204102814812
3.38435,0.0860537961587596,3.2988,3.4839,1.999833333333333,1.999833353612801,27.7,0.0999999999999996,0.002,0.0030550504633038,0.0,0.0,0.6573426573426573,1.97585953742395
3.3858666666666664,0.0886533824635147,3.2976,3.4873,1.9998833333333328,1.9998833419449469,27.58333333333333,0.037267799624997,0.002,0.0030550504633038,0.0,0.0,0.6503496503496503,1.9741274293311246
3.385533333333333,0.0884410098439757,3.2976,3.4876,1.999833333333333,1.999833353612801,27.5,0.0,0.002,0.0030550504633038,0.0,0.0,0.6433566433566433,1.9676024586317375
3.3853500000000003,0.0889158731610953,3.2969,3.4875,1.999866666666667,1.9998666736115744,27.46666666666667,0.0471404520791038,0.002,0.0030550504633038,0.0,0.0,0.6363636363636364,1.964155780307596
3.384733333333333,0.088946400839057,3.2963,3.4873,1.999833333333333,1.999833353612801,27.4,3.552713678800501e-15,0.002,0.0030550504633038,0.0,0.0,0.6293706293706294,1.967633836373803
3.3842833333333338,0.0892324757149673,3.2954,3.487,1.999866666666667,1.9998666736115744,27.35,0.0499999999999989,0.002,0.0030550504633038,0.0,0.0,0.6223776223776224,1.9813675888559987
3.3806666666666665,0.0925432451463758,3.2886,3.4869,1.9999,1.9999000100005,27.516666666666666,0.186338998124982,0.002,0.0030550504633038,0.0,0.0,0.6153846153846154,1.9615855719711799
3.37575,0.0893868698411572,3.2868,3.4789,1.9998166666666664,1.9998166844460743,27.7,0.0,0.002,0.0030550504633038,0.0,0.0,0.6083916083916084,1.9638085467935396
3.375733333333333,0.0879499226201414,3.2883,3.4776,1.999866666666667,1.9998666736115744,27.649999999999995,0.0499999999999989,0.002,0.0030550504633038,0.0,0.0,0.6013986013986014,1.9681615741523368
3.3724166666666666,0.0930179985570294,3.2799,3.4795,1.9998166666666664,1.9998166844460743,27.71666666666667,0.1863389981249816,0.002,0.0030550504633038,0.0,0.0,0.5944055944055944,1.9655092250169512
3.3671333333333333,0.0896401261836584,3.278,3.4707,1.9998333333333331,1.999833353612801,27.95,0.0500000000000007,0.002,0.0030550504633038,0.0,0.0,0.5874125874125874,1.964620425838321
3.3677666666666664,0.0871830577323115,3.2811,3.4689,1.9998833333333328,1.9998833419449469,27.83333333333333,0.1374368541872555,0.002,0.0030550504633038,0.0,0.0,0.5804195804195804,1.972934048827169
3.368783333333333,0.0899523469522737,3.2793,3.4726,1.999833333333333,1.999833353612801,27.7,0.0,0.002,0.0030550504633038,0.0,0.0,0.5734265734265734,1.9608360444809323
3.36965,0.0866397474219156,3.2836,3.4709,1.999833333333333,1.999833353612801,27.58333333333333,0.0897527467855748,0.002,0.0030550504633038,0.0,0.0,0.5664335664335665,1.9636058814721833
3.3723500000000004,0.0893517906927444,3.2834,3.4759,1.999833333333333,1.999833353612801,27.4,0.0999999999999996,0.002,0.0030550504633038,0.0,0.0,0.5594405594405595,1.9638845528441344
3.3720166666666667,0.0900596916248081,3.2825,3.4761,1.9998333333333331,1.999833353612801,27.36666666666667,0.0471404520791021,0.002,0.0030550504633038,0.0,0.0,0.5524475524475524,1.9592718957505406
3.3716833333333334,0.0894939926599669,3.2826,3.4755,1.999866666666667,1.9998666736115744,27.35,0.0499999999999989,0.002,0.0030550504633038,0.0,0.0,0.5454545454545454,1.9561421509495347
3.3723500000000004,0.0896182598581339,3.2832,3.4763,1.9998833333333328,1.9998833419449469,27.25,0.0500000000000007,0.002,0.0030550504633038,0.0,0.0,0.5384615384615384,1.9623959519356915
3.371933333333333,0.0907703084102334,3.2817,3.477,1.9998333333333331,1.999833353612801,27.2,0.0,0.002,0.0030550504633038,0.0,0.0,0.5314685314685315,1.9679872670361163
3.3661,0.0949380850870713,3.2717,3.4755,1.999866666666667,1.9998666736115744,27.45,0.25,0.002,0.0030550504633038,0.0,0.0,0.5244755244755245,1.9617648517269903
3.358216666666667,0.0914080852854689,3.2673,3.4643,1.9998833333333328,1.9998833419449469,27.816666666666663,0.0897527467855746,0.002,0.0030550504633038,0.0,0.0,0.5174825174825175,1.9599207299083663
3.356966666666667,0.0883882093695509,3.2691,3.4601,1.999866666666667,1.9998666736115744,27.816666666666663,0.0372677996249957,0.002,0.0030550504633038,0.0,0.0,0.5104895104895105,1.9593052807175608
3.357283333333333,0.0904473772729512,3.2674,3.4624,1.9998166666666664,1.9998166844460743,27.716666666666665,0.037267799624997,0.002,0.0030550504633038,0.0,0.0,0.5034965034965035,1.9573546074450088
3.35655,0.0898737401395238,3.2671,3.461,1.9998166666666664,1.9998166844460743,27.7,0.0,0.002,0.0030550504633038,0.0,0.0,0.4965034965034965,1.9625361270827617
3.3565166666666664,0.0894778262414153,3.2676,3.4603,1.9998333333333331,1.999833353612801,27.649999999999995,0.0499999999999989,0.002,0.0030550504633038,0.0,0.0,0.48951048951048953,1.95519434812095
3.357383333333333,0.0895848278945095,3.2683,3.4615,1.999833333333333,1.999833353612801,27.6,3.552713678800501e-15,0.002,0.0030550504633038,0.0,0.0,0.4825174825174825,1.9512028946923623
3.357466666666667,0.0905258649349578,3.2674,3.4627,1.999866666666667,1.9998666736115744,27.53333333333333,0.0471404520791038,0.002,0.0030550504633038,0.0,0.0,0.4755244755244755,1.9497173403414978
3.3571499999999994,0.0906221597256064,3.2671,3.4626,1.9998833333333328,1.9998833419449469,27.5,0.0,0.002,0.0030550504633038,0.0,0.0,0.46853146853146854,1.9557739115148518
3.356583333333333,0.0903887975482705,3.2668,3.4621,1.999833333333333,1.999833353612801,27.5,0.0,0.002,0.0030550504633038,0.0,0.0,0.46153846153846156,1.959114564724516
3.3570666666666664,0.0903139093507873,3.2673,3.4623,1.999833333333333,1.999833353612801,27.450000000000003,0.0500000000000007,0.002,0.0030550504633038,0.0,0.0,0.45454545454545453,1.9552356552922021
3.3568166666666666,0.0908250409058843,3.2666,3.4629,1.9997833333333328,1.99978337028178,27.45,0.0500000000000007,0.002,0.0030550504633038,0.0,0.0,0.44755244755244755,1.952430158558551
3.3553666666666664,0.0919969685490899,3.2639,3.4626,1.9998333333333331,1.999833353612801,27.516666666666666,0.0687184270936286,0.002,0.0030550504633038,0.0,0.0,0.4405594405594406,1.954947318299801
3.353,0.0916931840433083,3.2619,3.4598,1.999833333333333,1.999833353612801,27.55,0.0500000000000007,0.002,0.0030550504633038,0.0,0.0,0.43356643356643354,1.953272321903051
3.342383333333333,0.1003304276987905,3.2426,3.458,1.9998166666666664,1.9998166844460743,28.066666666666663,0.5343739847293804,0.002,0.0030550504633038,0.0,0.0,0.42657342657342656,1.955246153836009
3.335483333333333,0.0855397454728242,3.2506,3.4364,1.999866666666667,1.9998666736115744,28.28333333333333,0.285287379477062,0.002,0.0030550504633038,0.0,0.0,0.4195804195804196,1.9566613269050586
3.343133333333333,0.0871888308341281,3.2566,3.4458,1.999866666666667,1.9998666736115744,27.8,0.1999999999999992,0.002,0.0030550504633038,0.0,0.0,0.4125874125874126,1.9469516702549388
3.34765,0.0898213922181123,3.2585,3.4532,1.999833333333333,1.999833353612801,27.55,0.0500000000000007,0.002,0.0030550504633038,0.0,0.0,0.40559440559440557,1.9408247639285765
3.3496500000000005,0.0900962957063161,3.2602,3.4553,1.9998833333333328,1.9998833419449469,27.450000000000003,0.0500000000000007,0.002,0.0030550504633038,0.0,0.0,0.3986013986013986,1.948190922402588
3.351066666666666,0.0907866852694944,3.2609,3.4578,1.99985,1.9998500225016875,27.4,3.552713678800501e-15,0.002,0.0030550504633038,0.0,0.0,0.3916083916083916,1.9449336231420287
3.3515333333333337,0.0916068896001944,3.2606,3.459,1.9998166666666664,1.9998166844460743,27.35,0.0499999999999989,0.002,0.0030550504633038,0.0,0.0,0.38461538461538464,1.9517527411712063
3.3515,0.0919222497548878,3.2602,3.4589,1.999866666666667,1.9998666736115744,27.25,0.0500000000000007,0.002,0.0030550504633038,0.0,0.0,0.3776223776223776,1.9449414926574395
3.3516666666666666,0.0915126706466863,3.2606,3.4589,1.999833333333333,1.999833353612801,27.2,0.0,0.002,0.0030550504633038,0.0,0.0,0.3706293706293706,1.9397496326984915
3.3519666666666663,0.092002439581181,3.2606,3.4596,1.999866666666667,1.9998666736115744,27.149999999999995,0.0499999999999989,0.002,0.0030550504633038,0.0,0.0,0.36363636363636365,1.9443698608714362
3.3521500000000004,0.0924052622960403,3.2603,3.4601,1.9998166666666664,1.9998166844460743,27.1,3.552713678800501e-15,0.002,0.0030550504633038,0.0,0.0,0.35664335664335667,1.9401126887787508
3.3506,0.0936683689050543,3.2576,3.4603,1.99985,1.9998500225016875,27.15,0.0499999999999989,0.002,0.0030550504633038,0.0,0.0,0.34965034965034963,1.9518551363705487
3.3494000000000006,0.0914956100950568,3.2585,3.4566,1.9998166666666664,1.9998166844460743,27.149999999999995,0.0499999999999989,0.002,0.0030550504633038,0.0,0.0,0.34265734265734266,1.9467949927262171
3.3478,0.0944785866391604,3.254,3.4584,1.999833333333333,1.999833353612801,27.26666666666667,0.1374368541872541,0.002,0.0030550504633038,0.0,0.0,0.3356643356643357,1.9469125767583992
3.3453000000000004,0.0917752145189538,3.2542,3.4532,1.999833333333333,1.999833353612801,27.35,0.0499999999999989,0.002,0.0030550504633038,0.0,0.0,0.32867132867132864,1.9458803698758833
3.34635,0.0919037132002836,3.2551,3.4541,1.9998833333333328,1.9998833419449469,27.25,0.0500000000000007,0.002,0.0030550504633038,0.0,0.0,0.32167832167832167,1.9465108677872969
3.346083333333334,0.0927621225980134,3.254,3.4549,1.999866666666667,1.9998666736115744,27.2,0.0,0.002,0.0030550504633038,0.0,0.0,0.3146853146853147,1.9470974706643789
3.3470166666666668,0.0914375637008967,3.2563,3.4549,1.9998166666666664,1.9998166844460743,27.13333333333333,0.0745355992499924,0.002,0.0030550504633038,0.0,0.0,0.3076923076923077,1.9398190405407236
3.349233333333333,0.0919345177588676,3.258,3.4575,1.9998166666666664,1.9998166844460743,27.0,0.0,0.002,0.0030550504633038,0.0,0.0,0.3006993006993007,1.9357120948599746
3.3510833333333334,0.0923580788140498,3.2594,3.4596,1.999833333333333,1.999833353612801,26.883333333333336,0.0897527467855746,0.002,0.0030550504633038,0.0,0.0,0.2937062937062937,1.9374181258568703
3.352433333333334,0.0932606323995047,3.2597,3.4618,1.999833333333333,1.999833353612801,26.8,0.0,0.002,0.0030550504633038,0.0,0.0,0.2867132867132867,1.940038781724823
3.3531833333333334,0.0933918343444554,3.2603,3.4623,1.999833333333333,1.999833353612801,26.75,0.0500000000000007,0.002,0.0030550504633038,0.0,0.0,0.27972027972027974,1.9293763317078567
3.3487000000000005,0.0982521246589608,3.2511,3.4633,1.999866666666667,1.9998666736115744,26.95,0.25,0.002,0.0030550504633038,0.0,0.0,0.2727272727272727,1.9436185225807945
3.3407333333333327,0.0955148272375669,3.2459,3.4527,1.9998833333333328,1.9998833419449469,27.35,0.1500000000000003,0.002,0.0030550504633038,0.0,0.0,0.26573426573426573,1.9308745495808068
3.3374,0.0930312313150804,3.2451,3.4473,1.9998833333333328,1.9998833419449469,27.450000000000003,0.0500000000000007,0.002,0.0030550504633038,0.0,0.0,0.25874125874125875,1.9402718311787746
3.3370833333333336,0.0927210227270793,3.2451,3.4467,1.9998833333333328,1.9998833419449469,27.36666666666667,0.0471404520791021,0.002,0.0030550504633038,0.0,0.0,0.2517482517482518,1.9366170941325551
3.3367,0.0932273207452263,3.2442,3.4467,1.999833333333333,1.999833353612801,27.45,0.0500000000000007,0.002,0.0030550504633038,0.0,0.0,0.24475524475524477,1.9378439980018953
3.337383333333333,0.0924103424346479,3.2456,3.4463,1.999866666666667,1.9998666736115744,27.366666666666664,0.1374368541872555,0.002,0.0030550504633038,0.0,0.0,0.23776223776223776,1.9342295371520557
3.338466666666667,0.0927084617976637,3.2465,3.4481,1.9998166666666664,1.9998166844460743,27.216666666666665,0.037267799624997,0.002,0.0030550504633038,0.0,0.0,0.23076923076923078,1.9363999614427079
3.3388000000000004,0.0932155745212854,3.2463,3.4487,1.9998166666666664,1.9998166844460743,27.2,0.0,0.002,0.0030550504633038,0.0,0.0,0.22377622377622378,1.9330575448485836
3.3389500000000005,0.0935454746812123,3.246,3.4493,1.9998166666666664,1.9998166844460743,27.149999999999995,0.0499999999999989,0.002,0.0030550504633038,0.0,0.0,0.21678321678321677,1.9321342497757665
3.3396000000000003,0.0934455991473114,3.2468,3.4498,1.999833333333333,1.999833353612801,27.1,3.552713678800501e-15,0.002,0.0030550504633038,0.0,0.0,0.2097902097902098,1.9301839484474486
3.339533333333333,0.0935082468139694,3.2468,3.4503,1.9998166666666664,1.9998166844460743,27.0,0.0816496580927737,0.002,0.0030550504633038,0.0,0.0,0.20279720279720279,1.9392901330158165
3.3399999999999994,0.0933140039508184,3.2474,3.4506,1.999866666666667,1.9998666736115744,26.9,3.552713678800501e-15,0.002,0.0030550504633038,0.0,0.0,0.1958041958041958,1.9340683702691206
3.33865,0.0959841957477029,3.2434,3.4518,1.9998333333333331,1.999833353612801,27.05,0.1500000000000003,0.002,0.0030550504633038,0.0,0.0,0.1888111888111888,1.9328526394651817
3.332183333333333,0.0974239261623596,3.2354,3.447,1.9998166666666664,1.9998166844460743,27.35,0.1500000000000003,0.002,0.0030550504633038,0.0,0.0,0.18181818181818182,1.9279263242764437
3.3275500000000005,0.0936030225651571,3.2347,3.4383,1.9998166666666664,1.9998166844460743,27.5,0.0,0.002,0.0030550504633038,0.0,0.0,0.17482517482517482,1.9299030975081335
3.3272166666666667,0.0932707960129476,3.2347,3.4377,1.9998166666666664,1.9998166844460743,27.5,0.0,0.002,0.0030550504633038,0.0,0.0,0.16783216783216784,1.9263074934257187
3.326266666666667,0.0940460111978292,3.233,3.4378,1.9998166666666664,1.9998166844460743,27.55,0.0500000000000007,0.002,0.0030550504633038,0.0,0.0,0.16083916083916083,1.927705675555332
3.3257833333333333,0.092948200926944,3.2336,3.436,1.9998166666666664,1.9998166844460743,27.6,3.552713678800501e-15,0.002,0.0030550504633038,0.0,0.0,0.15384615384615385,1.924247759526005
3.32575,0.0932525915636307,3.2333,3.4366,1.999833333333333,1.999833353612801,27.566666666666663,0.0471404520791038,0.002,0.0030550504633038,0.0,0.0,0.14685314685314685,1.9348547450269789
3.326283333333333,0.0924679118517456,3.2345,3.4364,1.9998166666666664,1.9998166844460743,27.55,0.0500000000000007,0.002,0.0030550504633038,0.0,0.0,0.13986013986013987,1.9248844635500415
3.3273333333333337,0.0933874664443193,3.2347,3.4381,1.999833333333333,1.999833353612801,27.450000000000003,0.0500000000000007,0.002,0.0030550504633038,0.0,0.0,0.13286713286713286,1.923825692034535
3.3274166666666667,0.0936989223820399,3.2345,3.4386,1.9997833333333328,1.99978337028178,27.45,0.0500000000000007,0.002,0.0030550504633038,0.0,0.0,0.1258741258741259,1.9214374856379164
3.327816666666666,0.0935997581312164,3.235,3.4389,1.9998166666666664,1.9998166844460743,27.433333333333337,0.0471404520791038,0.002,0.0030550504633038,0.0,0.0,0.11888111888111888,1.9230690243075192
3.3276666666666674,0.0941945268520888,3.2343,3.4397,1.9997666666666667,1.9997667002816992,27.4,3.552713678800501e-15,0.002,0.0030550504633038,0.0,0.0,0.11188811188811189,1.9235881918575046
3.3277666666666668,0.0935134155556777,3.2351,3.4392,1.9997666666666667,1.9997667002816992,27.35,0.0499999999999989,0.002,0.0030550504633038,0.0,0.0,0.1048951048951049,1.9247837667705523
3.3263000000000003,0.0959819948393099,3.2311,3.44,1.9997666666666667,1.9997667002816992,27.45,0.1500000000000003,0.002,0.0030550504633038,0.0,0.0,0.0979020979020979,1.9218143155588145
3.3238333333333334,0.0929528853177183,3.2317,3.4344,1.9998166666666664,1.9998166844460743,27.53333333333333,0.0471404520791038,0.002,0.0030550504633038,0.0,0.0,0.09090909090909091,1.9174070797734133
3.323566666666667,0.0949942922261941,3.2293,3.4363,1.9997666666666667,1.9997667002816992,27.55,0.0500000000000007,0.002,0.0030550504633038,0.0,0.0,0.08391608391608392,1.9171651438481783
3.322283333333333,0.0939593248284715,3.2291,3.4337,1.999833333333333,1.999833353612801,27.6,3.552713678800501e-15,0.002,0.0030550504633038,0.0,0.0,0.07692307692307693,1.9253560013140165
3.322266666666667,0.0934583626839008,3.2296,3.4333,1.9998166666666664,1.9998166844460743,27.6,3.552713678800501e-15,0.002,0.0030550504633038,0.0,0.0,0.06993006993006994,1.921560127054652
3.322716666666667,0.093535152334415,3.23,3.4341,1.9998166666666664,1.9998166844460743,27.6,3.552713678800501e-15,0.002,0.0030550504633038,0.0,0.0,0.06293706293706294,1.9240607744302158
3.3225833333333328,0.0939715811059681,3.2294,3.4343,1.9998166666666664,1.9998166844460743,27.55,0.0500000000000007,0.002,0.0030550504633038,0.0,0.0,0.055944055944055944,1.9240002215368008
3.3234166666666667,0.0930182852394565,3.2311,3.4344,1.9998166666666664,1.9998166844460743,27.46666666666667,0.0471404520791038,0.002,0.0030550504633038,0.0,0.0,0.04895104895104895,1.9208973601416512
3.3252333333333333,0.093890941463428,3.2322,3.4369,1.9997666666666667,1.9997667002816992,27.366666666666664,0.0471404520791021,0.002,0.0030550504633038,0.0,0.0,0.04195804195804196,1.9147800366369205
3.326183333333333,0.0934155842934619,3.2336,3.4378,1.9998166666666664,1.9998166844460743,27.266666666666666,0.0745355992499929,0.002,0.0030550504633038,0.0,0.0,0.03496503496503497,1.9198792188015215
3.3279833333333326,0.093626962225395,3.2351,3.4397,1.9998166666666664,1.9998166844460743,27.149999999999995,0.0499999999999989,0.002,0.0030550504633038,0.0,0.0,0.027972027972027972,1.9241331851262093
3.328066666666666,0.0952360167630341,3.2337,3.4417,1.9998166666666664,1.9998166844460743,27.200000000000003,0.0999999999999996,0.002,0.0030550504633038,0.0,0.0,0.02097902097902098,1.9161590058516855
3.3230500000000003,0.0988889570848704,3.2248,3.4397,1.9998166666666664,1.9998166844460743,27.48333333333333,0.2544056253745626,0.002,0.0030550504633038,0.0,0.0,0.013986013986013986,1.9187250983677908
3.3157999999999994,0.0949455282429527,3.2217,3.429,1.9997666666666667,1.9997667002816992,27.9,0.0999999999999996,0.002,0.0030550504633038,0.0,0.0,0.006993006993006993,1.9167214449554881
3.315633333333333,0.0917290333294511,3.2247,3.4255,1.9997666666666667,1.9997667002816992,27.9,0.0999999999999996,0.002,0.0030550504633038,0.0,0.0,0.0,1.9216799873766652
3.3180666666666667,0.0926421190507978,3.2263,3.429,1.9998166666666664,1.9998166844460743,27.75,0.0500000000000007,0.002,0.0030550504633038,0.0,0.0,0.0,1.912893251232422
3.319916666666666,0.0931741097205775,3.2276,3.4313,1.999866666666667,1.9998666736115744,27.649999999999995,0.0499999999999989,0.002,0.0030550504633038,0.0,0.0,0.0,1.9196324425063467
3.3211,0.0940713381783562,3.2277,3.433,1.9998166666666664,1.9998166844460743,27.6,3.552713678800501e-15,0.002,0.0030550504633038,0.0,0.0,0.0,1.9129321919187552
3.321016666666667,0.0938464422459488,3.228,3.4333,1.999833333333333,1.999833353612801,27.6,3.552713678800501e-15,0.002,0.0030550504633038,0.0,0.0,0.0,1.911069570032124
3.3213666666666675,0.0940037351503768,3.2282,3.4335,1.9998166666666664,1.9998166844460743,27.6,3.552713678800501e-15,0.002,0.0030550504633038,0.0,0.0,0.0,1.9136995135522463
3.3222666666666663,0.0935861397620158,3.2294,3.4341,1.9998166666666664,1.9998166844460743,27.55,0.0500000000000007,0.002,0.0030550504633038,0.0,0.0,0.0,1.9140438203460226
3.3234,0.0938188680383641,3.2305,3.4358,1.9998166666666664,1.9998166844460743,27.450000000000003,0.0500000000000007,0.002,0.0030550504633038,0.0,0.0,0.0,1.9197340305139499
3.324933333333333,0.0937885328219226,3.232,3.437,1.9997666666666667,1.9997667002816992,27.33333333333333,0.0471404520791021,0.002,0.0030550504633038,0.0,0.0,0.0,1.9127799818173064
3.325883333333333,0.0948215238692612,3.2319,3.4389,1.9998166666666664,1.9998166844460743,27.36666666666667,0.0745355992499924,0.002,0.0030550504633038,0.0,0.0,0.0,1.9116888631631486
3.320733333333333,0.0970116774185229,3.2248,3.4384,1.9997666666666667,1.9997667002816992,27.6,0.200000000000001,0.002,0.0030550504633038,0.0,0.0,0.0,1.916714242105277
3.31185,0.099556043680599,3.2131,3.4297,1.9998166666666664,1.9998166844460743,28.25,0.4499999999999992,0.002,0.0030550504633038,0.0,0.0,0.0,1.912147805520436
3.3026166666666668,0.093832535520587,3.2096,3.4143,1.999866666666667,1.9998666736115744,28.85,0.1500000000000003,0.002,0.0030550504633038,0.0,0.0,0.0,1.9065804084368374
3.3031833333333336,0.0893494341833729,3.2147,3.4106,1.999833333333333,1.999833353612801,28.8,0.1999999999999992,0.002,0.0030550504633038,0.0,0.0,0.0,1.9139953101126614
3.306833333333333,0.0919349347213681,3.2157,3.417,1.9998166666666664,1.9998166844460743,28.63333333333333,0.0471404520791021,0.002,0.0030550504633038,0.0,0.0,0.0,1.9050268729076307
3.308733333333333,0.0912730457960557,3.218,3.4183,1.9997666666666667,1.9997667002816992,28.55,0.0500000000000007,0.002,0.0030550504633038,0.0,0.0,0.0,1.9048022782859326
3.310633333333333,0.0923519295352776,3.2191,3.4214,1.9997666666666667,1.9997667002816992,28.433333333333337,0.0471404520791038,0.002,0.0030550504633038,0.0,0.0,0.0,1.9034191040156352
3.3117333333333328,0.0926986815200494,3.2199,3.4227,1.9998166666666664,1.9998166844460743,28.366666666666664,0.0471404520791021,0.002,0.0030550504633038,0.0,0.0,0.0,1.9024821261139946
3.3128,0.0924527627133626,3.2211,3.4238,1.9998166666666664,1.9998166844460743,28.33333333333333,0.0471404520791021,0.002,0.0030550504633038,0.0,0.0,0.0,1.906973718820385
3.313383333333334,0.0932834107557298,3.2208,3.4246,1.9998166666666664,1.9998166844460743,28.3,0.0,0.002,0.0030550504633038,0.0,0.0,0.0,1.9040233363967711
3.3138,0.0928544739543192,3.2217,3.4249,1.9998166666666664,1.9998166844460743,28.25,0.0500000000000007,0.002,0.0030550504633038,0.0,0.0,0.0,1.8905561876143182
3.3145333333333333,0.0929253224667826,3.2225,3.426,1.9998166666666664,1.9998166844460743,28.2,0.0,0.002,0.0030550504633038,0.0,0.0,0.0,1.902809731634986
3.3146,0.0938733721563256,3.2216,3.427,1.9998166666666664,1.9998166844460743,28.3,0.0999999999999996,0.002,0.0030550504633038,0.0,0.0,0.0,1.901225054273481
3.3132,0.0937692024778569,3.2203,3.4255,1.9997666666666667,1.9997667002816992,28.45,0.0500000000000007,0.002,0.0030550504633038,0.0,0.0,0.0,1.9062819241678182
3.3129000000000004,0.0930449353807073,3.2207,3.4241,1.9998166666666664,1.9998166844460743,28.5,0.0,0.002,0.0030550504633038,0.0,0.0,0.0,1.899871507678701
3.3127166666666668,0.093283464355813,3.2203,3.4244,1.9997666666666667,1.9997667002816992,28.45,0.0500000000000007,0.002,0.0030550504633038,0.0,0.0,0.0,1.9116954927033052
3.3135833333333333,0.0916769766929274,3.2228,3.4238,1.9998166666666664,1.9998166844460743,28.4,0.0999999999999996,0.002,0.0030550504633038,0.0,0.0,0.0,1.906539555267462
3.31635,0.0925960717309325,3.2245,3.4273,1.9998166666666664,1.9998166844460743,28.23333333333333,0.0471404520791038,0.002,0.0030550504633038,0.0,0.0,0.0,1.8988066588022614
3.31755,0.093148622283603,3.2253,3.4293,1.9998166666666664,1.9998166844460743,28.116666666666664,0.0372677996249957,0.002,0.0030550504633038,0.0,0.0,0.0,1.9043787120955522
3.3185333333333333,0.093577038969088,3.2257,3.4306,1.9998166666666664,1.9998166844460743,28.03333333333333,0.0471404520791038,0.002,0.0030550504633038,0.0,0.0,0.0,1.9012949860449029
3.3191166666666665,0.093366721706517,3.2265,3.431,1.9997666666666667,1.9997667002816992,28.08333333333333,0.037267799624997,0.002,0.0030550504633038,0.0,0.0,0.0,1.8995419217939797
3.3203,0.0934719922401001,3.2277,3.4323,1.9997666666666667,1.9997667002816992,27.98333333333333,0.0897527467855763,0.002,0.0030550504633038,0.0,0.0,0.0,1.9012325870444078
3.32105,0.093730726907811,3.2282,3.4337,1.9998166666666664,1.9998166844460743,27.9,3.552713678800501e-15,0.002,0.0030550504633038,0.0,0.0,0.0,1.8976521809329394
3.3220666666666663,0.0936858699176254,3.2293,3.4352,1.9997666666666667,1.9997667002816992,27.816666666666663,0.0372677996249957,0.002,0.0030550504633038,0.0,0.0,0.0,1.8978112214741267
3.3228500000000003,0.0938608322642268,3.2299,3.4357,1.9998166666666664,1.9998166844460743,27.78333333333333,0.037267799624997,0.002,0.0030550504633038,0.0,0.0,0.0,1.899557146328852
3.323683333333333,0.0940773691643685,3.2305,3.4364,1.9998166666666664,1.9998166844460743,27.716666666666665,0.037267799624997,0.002,0.0030550504633038,0.0,0.0,0.0,1.9038874666446377
3.324066666666667,0.0940391703257507,3.2308,3.4369,1.9997666666666667,1.9997667002816992,27.73333333333333,0.0471404520791038,0.002,0.0030550504633038,0.0,0.0,0.0,1.8960963549804537
3.324383333333333,0.0942858847100432,3.231,3.4375,1.9997833333333328,1.99978337028178,27.7,0.0,0.002,0.0030550504633038,0.0,0.0,0.0,1.892690307845606
3.325016666666667,0.0945217156119283,3.2314,3.438,1.9997666666666667,1.9997667002816992,27.76666666666667,0.0471404520791038,0.002,0.0030550504633038,0.0,0.0,0.0,1.885802490499038
3.3253,0.0943580415227022,3.2317,3.4383,1.9998166666666664,1.9998166844460743,27.716666666666665,0.037267799624997,0.002,0.0030550504633038,0.0,0.0,0.0,1.901178547221188
3.32565,0.0940116792389825,3.2323,3.4386,1.9998166666666664,1.9998166844460743,27.7,0.0,0.002,0.0030550504633038,0.0,0.0,0.0,1.891694285896965
3.326333333333333,0.0939941251119215,3.2331,3.4392,1.9998166666666664,1.9998166844460743,27.649999999999995,0.0499999999999989,0.002,0.0030550504633038,0.0,0.0,0.0,1.8943004093214972
3.327083333333333,0.0941899219072236,3.2337,3.4403,1.9997666666666667,1.9997667002816992,27.65,0.0499999999999989,0.002,0.0030550504633038,0.0,0.0,0.0,1.8991987205227998
3.32775,0.0941573461464017,3.2345,3.4406,1.9997666666666667,1.9997667002816992,27.616666666666664,0.0372677996249957,0.002,0.0030550504633038,0.0,0.0,0.0,1.891899420272733
3.3288166666666665,0.0948081644983994,3.2348,3.4426,1.9998166666666664,1.9998166844460743,27.6,3.552713678800501e-15,0.002,0.0030550504633038,0.0,0.0,0.0,1.8896242493554205
3.3295166666666667,0.0948967582282042,3.2354,3.4432,1.999866666666667,1.9998666736115744,27.6,3.552713678800501e-15,0.002,0.0030550504633038,0.0,0.0,0.0,1.895495541727025
3.3294833333333336,0.0940296481021928,3.2363,3.4429,1.9998166666666664,1.9998166844460743,27.58333333333333,0.037267799624997,0.002,0.0030550504633038,0.0,0.0,0.0,1.891073717501025
3.33015,0.0947074750657694,3.2363,3.4437,1.9998166666666664,1.9998166844460743,27.58333333333333,0.037267799624997,0.002,0.0030550504633038,0.0,0.0,0.0,1.8909891110635821
3.329500000000001,0.0946534204347629,3.2359,3.444,1.999833333333333,1.999833353612801,27.6,3.552713678800501e-15,0.002,0.0030550504633038,0.0,0.0,0.0,1.881965964576721
3.329683333333333,0.0942330518212986,3.2363,3.4433,1.9998166666666664,1.9998166844460743,27.6,3.552713678800501e-15,0.002,0.0030550504633038,0.0,0.0,0.0,1.8922961883014977
3.330633333333333,0.0949844490195924,3.2365,3.4446,1.9998166666666664,1.9998166844460743,27.55,0.0500000000000007,0.002,0.0030550504633038,0.0,0.0,0.0,1.8883887991584136
3.330883333333334,0.094747513892919,3.237,3.4447,1.9998833333333328,1.9998833419449469,27.5,0.0,0.002,0.0030550504633038,0.0,0.0,0.0,1.8808140087814738
3.3313,0.0946056728390709,3.2376,3.4449,1.9998166666666664,1.9998166844460743,27.55,0.0500000000000007,0.002,0.0030550504633038,0.0,0.0,0.0,1.8876546621607388
3.33175,0.0947542391312036,3.238,3.4461,1.9998166666666664,1.9998166844460743,27.55,0.0500000000000007,0.002,0.0030550504633038,0.0,0.0,0.0,1.8768781024325583
3.332216666666666,0.0948440547542239,3.2383,3.4466,1.999833333333333,1.999833353612801,27.5,0.0,0.002,0.0030550504633038,0.0,0.0,0.0,1.8939100253521766
3.3327500000000003,0.094444282516201,3.2391,3.4464,1.9998166666666664,1.9998166844460743,27.5,0.0,0.002,0.0030550504633038,0.0,0.0,0.0,1.879548624756117
3.334583333333333,0.0949719856355312,3.2405,3.4489,1.9998166666666664,1.9998166844460743,27.46666666666667,0.0471404520791038,0.002,0.0030550504633038,0.0,0.0,0.0,1.8898171344328372
3.335783333333333,0.094880317886389,3.2417,3.4498,1.9997666666666667,1.9997667002816992,27.35,0.0499999999999989,0.002,0.0030550504633038,0.0,0.0,0.0,1.879532060591408
3.3373000000000004,0.094617739703856,3.2436,3.4515,1.999833333333333,1.999833353612801,27.25,0.0500000000000007,0.002,0.0030550504633038,0.0,0.0,0.0,1.884438705041685
3.3387166666666666,0.0956343107304531,3.244,3.4533,1.999866666666667,1.9998666736115744,27.183333333333334,0.0372677996249957,0.002,0.0030550504633038,0.0,0.0,0.0,1.8779632085852835
3.339,0.0955544521900123,3.2443,3.4538,1.9998166666666664,1.9998166844460743,27.2,0.0,0.002,0.0030550504633038,0.0,0.0,0.0,1.8850141019132325
3.340216666666666,0.0951864208919646,3.2459,3.454,1.999833333333333,1.999833353612801,27.149999999999995,0.0499999999999989,0.002,0.0030550504633038,0.0,0.0,0.0,1.8794982854719315
3.3416166666666665,0.095426907747355,3.2471,3.4566,1.9997666666666667,1.9997667002816992,27.05,0.0500000000000007,0.002,0.0030550504633038,0.0,0.0,0.0,1.8817245980383106
3.3429333333333333,0.0959962615012805,3.2479,3.4584,1.9998166666666664,1.9998166844460743,26.98333333333333,0.037267799624997,0.002,0.0030550504633038,0.0,0.0,0.0,1.8793276567937154
3.343433333333334,0.0963790030152948,3.248,3.4592,1.9997666666666667,1.9997667002816992,26.9,3.552713678800501e-15,0.002,0.0030550504633038,0.0,0.0,0.0,1.8732186595353841
3.3442833333333333,0.0961314623604341,3.2491,3.4598,1.999866666666667,1.9998666736115744,26.883333333333336,0.0372677996249957,0.002,0.0030550504633038,0.0,0.0,0.0,1.8801116655340004
3.345166666666666,0.0955592951464633,3.2505,3.4603,1.9998166666666664,1.9998166844460743,26.766666666666666,0.0745355992499929,0.002,0.0030550504633038,0.0,0.0,0.0,1.8754962075664945
3.346716666666666,0.0961128575628095,3.2516,3.4626,1.9998166666666664,1.9998166844460743,26.7,0.0,0.002,0.0030550504633038,0.0,0.0,0.0,1.8811043280951074
3.3482000000000003,0.0965973602123783,3.2525,3.4644,1.999866666666667,1.9998666736115744,26.649999999999995,0.0499999999999989,0.002,0.0030550504633038,0.0,0.0,0.0,1.8753935571043938
3.349166666666666,0.0963657903799661,3.2536,3.4653,1.9998166666666664,1.9998166844460743,26.6,3.552713678800501e-15,0.002,0.0030550504633038,0.0,0.0,0.0,1.8754438601148025
3.34995,0.0961990427880306,3.2548,3.4667,1.9997666666666667,1.9997667002816992,26.53333333333333,0.0471404520791038,0.002,0.0030550504633038,0.0,0.0,0.0,1.8818965410223272
3.35175,0.0965625315533928,3.2562,3.4683,1.9998166666666664,1.9998166844460743,26.450000000000003,0.0500000000000007,0.002,0.0030550504633038,0.0,0.0,0.0,1.8841053017567864
3.353166666666666,0.0969881206929774,3.257,3.4699,1.999866666666667,1.9998666736115744,26.36666666666667,0.0471404520791021,0.002,0.0030550504633038,0.0,0.0,0.0,1.8771368098155223
3.3548666666666667,0.0967491372341663,3.2591,3.4716,1.9998166666666664,1.9998166844460743,26.28333333333333,0.0687184270936276,0.002,0.0030550504633038,0.0,0.0,0.0,1.8722580330169
3.3563166666666664,0.0977644178057073,3.2594,3.4738,1.9998166666666664,1.9998166844460743,26.149999999999995,0.0499999999999989,0.002,0.0030550504633038,0.0,0.0,0.0,1.8713218675070884
3.3572666666666677,0.0978286029520792,3.2605,3.4752,1.9998166666666664,1.9998166844460743,26.116666666666664,0.0372677996249957,0.002,0.0030550504633038,0.0,0.0,0.0,1.8689597242931582
3.3585833333333333,0.097298242818437,3.2623,3.4759,1.9998166666666664,1.9998166844460743,26.05,0.0500000000000007,0.002,0.0030550504633038,0.0,0.0,0.0,1.8691473989141376
3.360583333333333,0.0976307911925786,3.2639,3.4778,1.9997666666666667,1.9997667002816992,25.9,0.0999999999999996,0.002,0.0030550504633038,0.0,0.0,0.0,1.8699678320882551
3.3627333333333334,0.0975282637096663,3.2662,3.4803,1.9998166666666664,1.9998166844460743,25.75,0.0500000000000007,0.002,0.0030550504633038,0.0,0.0,0.0,1.8783332023441701
3.3649500000000003,0.0983282555186114,3.2676,3.4829,1.9998166666666664,1.9998166844460743,25.7,0.0,0.002,0.0030550504633038,0.0,0.0,0.0,1.869101223206696
3.366950000000001,0.098526016022842,3.2694,3.4853,1.9998166666666664,1.9998166844460743,25.500000000000004,0.1000000000000014,0.002,0.0030550504633038,0.0,0.0,0.0,1.864399817287237
3.368583333333333,0.0989808132361464,3.2706,3.4876,1.9998166666666664,1.9998166844460743,25.4,3.552713678800501e-15,0.002,0.0030550504633038,0.0,0.0,0.0,1.8688846097864504
3.3704666666666667,0.0987993533492108,3.2726,3.4893,1.9998166666666664,1.9998166844460743,25.3,0.0999999999999996,0.002,0.0030550504633038,0.0,0.0,0.0,1.8688443818349123
3.372883333333333,0.0988099255585635,3.2751,3.4919,1.9998166666666664,1.9998166844460743,25.1,0.0999999999999996,0.002,0.0030550504633038,0.0,0.0,0.0,1.8676883293851896
3.375033333333333,0.1001247166732015,3.2759,3.4952,1.9998833333333328,1.9998833419449469,25.0,0.0,0.002,0.0030550504633038,0.0,0.0,0.0,1.870158471850048
3.375966666666667,0.0996033243532674,3.2774,3.4959,1.9998166666666664,1.9998166844460743,24.9,0.0999999999999996,0.002,0.0030550504633038,0.0,0.0,0.0,1.8666496484190624
3.377683333333333,0.0995831046022477,3.2789,3.4979,1.9998166666666664,1.9998166844460743,24.75,0.0500000000000007,0.002,0.0030550504633038,0.0,0.0,0.0,1.8688624557561353
3.3800166666666662,0.1002569767591706,3.2809,3.5012,1.9998166666666664,1.9998166844460743,24.7,0.0,0.002,0.0030550504633038,0.0,0.0,0.0,1.8620800917852345
3.38205,0.1004196652387701,3.2826,3.5029,1.999833333333333,1.999833353612801,24.55,0.0500000000000007,0.002,0.0030550504633038,0.0,0.0,0.0,1.8717383023679657
3.384,0.1012566211826828,3.2837,3.5062,1.99985,1.9998500225016875,24.450000000000003,0.0500000000000007,0.002,0.0030550504633038,0.0,0.0,0.0,1.8650392231826785
3.385066666666667,0.1013589934616338,3.2846,3.5069,1.9998166666666664,1.9998166844460743,24.4,3.552713678800501e-15,0.002,0.0030550504633038,0.0,0.0,0.0,1.8650440993248516
3.38605,0.1011965537950775,3.2859,3.5078,1.9998166666666664,1.9998166844460743,24.35,0.0499999999999989,0.002,0.0030550504633038,0.0,0.0,0.0,1.8597190952818898
3.387466666666666,0.1009473074870691,3.2876,3.5092,1.999866666666667,1.9998666736115744,24.25,0.0500000000000007,0.002,0.0030550504633038,0.0,0.0,0.0,1.864158370236128
3.38935,0.1020890583428671,3.2882,3.5118,1.999866666666667,1.9998666736115744,24.149999999999995,0.0499999999999989,0.002,0.0030550504633038,0.0,0.0,0.0,1.8642892419116628
3.3901833333333333,0.1018359860538284,3.2894,3.5127,1.999833333333333,1.999833353612801,24.08333333333333,0.037267799624997,0.002,0.0030550504633038,0.0,0.0,0.0,1.8564198273636008
3.3913333333333338,0.101774582070159,3.2905,3.5135,1.999833333333333,1.999833353612801,24.016666666666666,0.037267799624997,0.002,0.0030550504633038,0.0,0.0,0.0,1.8538764541592698
3.3922166666666667,0.1020989130968374,3.2912,3.5152,1.9998166666666664,1.9998166844460743,24.0,0.0,0.002,0.0030550504633038,0.0,0.0,0.0,1.861101404021178
3.393183333333333,0.1025398526861087,3.2917,3.5164,1.9998166666666664,1.9998166844460743,23.950000000000003,0.0500000000000007,0.002,0.0030550504633038,0.0,0.0,0.0,1.8573855800468373
3.393966666666666,0.1021346116107996,3.2929,3.5169,1.9998166666666664,1.9998166844460743,23.9,3.552713678800501e-15,0.002,0.0030550504633038,0.0,0.0,0.0,1.8597942646311216
3.3945833333333337,0.1033047984794941,3.2923,3.5184,1.9998166666666664,1.9998166844460743,23.95,0.0500000000000007,0.002,0.0030550504633038,0.0,0.0,0.0,1.853004353884906
3.3941666666666666,0.1021169862896908,3.2931,3.5173,1.999833333333333,1.999833353612801,23.950000000000003,0.0500000000000007,0.002,0.0030550504633038,0.0,0.0,0.0,1.851340393924887
3.3961833333333336,0.103320172549002,3.2939,3.5202,1.9997666666666667,1.9997667002816992,23.9,3.552713678800501e-15,0.002,0.0030550504633038,0.0,0.0,0.0,1.8578230948483414
3.3958166666666667,0.1036075032139188,3.2932,3.5198,1.999866666666667,1.9998666736115744,23.95,0.0500000000000007,0.002,0.0030550504633038,0.0,0.0,0.0,1.855011121366429
3.395516666666667,0.1016547984876048,3.2949,3.5182,1.9998166666666664,1.9998166844460743,23.9,0.0999999999999996,0.002,0.0030550504633038,0.0,0.0,0.0,1.8473813777395751
3.398033333333333,0.1025635683639935,3.2965,3.5207,1.999833333333333,1.999833353612801,23.75,0.0500000000000007,0.002,0.0030550504633038,0.0,0.0,0.0,1.8606104905105263
3.399083333333333,0.1028603003538725,3.2972,3.5224,1.999866666666667,1.9998666736115744,23.683333333333334,0.0372677996249957,0.002,0.0030550504633038,0.0,0.0,0.0,1.8494213863792797
3.399916666666666,0.1032752699773227,3.2977,3.5241,1.999833333333333,1.999833353612801,23.616666666666664,0.0372677996249957,0.002,0.0030550504633038,0.0,0.0,0.0,1.864359233874376
3.4003666666666668,0.1027074269736885,3.2986,3.5242,1.9998166666666664,1.9998166844460743,23.58333333333333,0.037267799624997,0.002,0.0030550504633038,0.0,0.0,0.0,1.8509837865642993
3.401933333333333,0.1031857655988569,3.2996,3.5259,1.9997833333333328,1.99978337028178,23.55,0.0500000000000007,0.002,0.0030550504633038,0.0,0.0,0.0,1.854500015166277
3.4027333333333334,0.1036602088020706,3.3,3.5273,1.999833333333333,1.999833353612801,23.48333333333333,0.037267799624997,0.002,0.0030550504633038,0.0,0.0,0.0,1.8588954883492412
3.4031,0.10364315381796,3.3005,3.5275,1.9998833333333328,1.9998833419449469,23.450000000000003,0.0500000000000007,0.002,0.0030550504633038,0.0,0.0,0.0,1.8576393474329271
3.4036166666666667,0.1036257756974049,3.3009,3.5279,1.9997666666666667,1.9997667002816992,23.4,3.552713678800501e-15,0.002,0.0030550504633038,0.0,0.0,0.0,1.8590800767604387
3.4031333333333333,0.1042976776134329,3.2996,3.5287,1.9997666666666667,1.9997667002816992,23.45,0.0500000000000007,0.002,0.0030550504633038,0.0,0.0,0.0,1.8444571455939291
3.402883333333333,0.1034264056655208,3.3005,3.5273,1.99985,1.9998500225016875,23.5,0.0,0.002,0.0030550504633038,0.0,0.0,0.0,1.8454199079733409
3.403866666666667,0.1038778235342955,3.3009,3.5282,1.9998166666666664,1.9998166844460743,23.450000000000003,0.0500000000000007,0.002,0.0030550504633038,0.0,0.0,0.0,1.8502812784736655
3.405233333333334,0.1033987373660282,3.3028,3.5293,1.9998166666666664,1.9998166844460743,23.35,0.0499999999999989,0.002,0.0030550504633038,0.0,0.0,0.0,1.8521501985427997
3.406133333333333,0.1037864741776222,3.3034,3.531,1.9997666666666667,1.9997667002816992,23.3,0.0,0.002,0.0030550504633038,0.0,0.0,0.0,1.84816021843161
3.406633333333333,0.1038585683620866,3.3037,3.5321,1.999833333333333,1.999833353612801,23.21666666666667,0.0897527467855748,0.002,0.0030550504633038,0.0,0.0,0.0,1.841067071476194
3.407433333333333,0.1042642422991804,3.304,3.5328,1.99985,1.9998500225016875,23.166666666666668,0.0471404520791021,0.002,0.0030550504633038,0.0,0.0,0.0,1.8490192796688263
3.4081999999999995,0.10402696765743,3.3048,3.5332,1.9998166666666664,1.9998166844460743,23.2,0.0,0.002,0.0030550504633038,0.0,0.0,0.0,1.8456698808939505
3.408516666666666,0.1043029148948175,3.3052,3.5341,1.9997666666666667,1.9997667002816992,23.116666666666664,0.0372677996249957,0.002,0.0030550504633038,0.0,0.0,0.0,1.8450358500249824
3.4084833333333333,0.1046932092141393,3.3048,3.5341,1.9998166666666664,1.9998166844460743,23.15,0.0499999999999989,0.002,0.0030550504633038,0.0,0.0,0.0,1.8361629236034833
3.4079,0.1040791045311208,3.3048,3.5332,1.9996833333333333,1.9996834186246135,23.149999999999995,0.0499999999999989,0.002,0.0030550504633038,0.0,0.0,0.0,1.8478785815065581
3.407733333333333,0.1037046072050588,3.3046,3.5327,1.9998166666666664,1.9998166844460743,23.200000000000003,0.0999999999999996,0.002,0.0030550504633038,0.0,0.0,0.0,1.844683380343706
3.4080666666666666,0.1046621018112838,3.3043,3.5336,1.999866666666667,1.9998666736115744,23.266666666666666,0.0471404520791038,0.002,0.0030550504633038,0.0,0.0,0.0,1.8506971417430396
3.406466666666667,0.1047027008035396,3.3029,3.5325,1.9997833333333328,1.99978337028178,23.4,0.0999999999999996,0.002,0.0030550504633038,0.0,0.0,0.0,1.8426323723442783
3.40645,0.1031479802678333,3.3042,3.5307,1.999833333333333,1.999833353612801,23.450000000000003,0.0500000000000007,0.002,0.0030550504633038,0.0,0.0,0.0,1.8446096828663987
3.4084,0.1029921841694796,3.3062,3.5324,1.999833333333333,1.999833353612801,23.33333333333333,0.0471404520791021,0.002,0.0030550504633038,0.0,0.0,0.0,1.845085514462663
3.4104000000000005,0.1040253975398957,3.3072,3.535,1.999933333333333,1.99993333361112,23.2,0.0999999999999996,0.002,0.0030550504633038,0.0,0.0,0.0,1.8341875149375164
3.41105,0.1045263403804674,3.3072,3.5358,1.9999166666666663,1.999916666944456,23.1,3.552713678800501e-15,0.002,0.0030550504633038,0.0,0.0,0.0,1.851052880372487
3.411966666666667,0.1043103009720943,3.3083,3.5379,1.9998,1.9998000408374168,23.066666666666663,0.0471404520791038,0.002,0.0030550504633038,0.0,0.0,0.0,2.0
3.4128666666666665,0.1039739336992156,3.3094,3.5381,1.99975,1.999750030837188,23.016666666666666,0.037267799624997,0.002,0.0030550504633038,0.0,0.0,0.0,1.9996088225701394
3.4136,0.1054989257449256,3.3089,3.5396,1.9998166666666664,1.9998166844460743,23.15,0.1500000000000003,0.002,0.0030550504633038,0.0,0.0,0.0,1.998893583146794
3.4106166666666664,0.1058865653528445,3.3055,3.5378,1.9999166666666663,1.999916666944456,23.350000000000005,0.0499999999999989,0.002,0.0030550504633038,0.0,0.0,0.0,1.9979673824501223
3.4089333333333336,0.1038699132997081,3.306,3.5335,1.9998833333333328,1.9998833419449469,23.4,3.552713678800501e-15,0.002,0.0030550504633038,0.0,0.0,0.0,1.996870580561116
3.410016666666667,0.1035054171958593,3.3074,3.5341,1.999866666666667,1.9998666736115744,23.3,0.0,0.002,0.0030550504633038,0.0,0.0,0.0,1.9956265033778413
3.410016666666667,0.1053106423344236,3.3054,3.5364,1.999866666666667,1.9998666736115744,23.350000000000005,0.0499999999999989,0.002,0.0030550504633038,0.0,0.0,0.0,1.9942508893876905
3.4098833333333336,0.1030038739832418,3.3077,3.5335,1.999866666666667,1.9998666736115744,23.35,0.0499999999999989,0.002,0.0030550504633038,0.0,0.0,0.0,1.992755292614614
3.4126333333333334,0.1037190703562057,3.3099,3.5373,1.9998833333333328,1.9998833419449469,23.25,0.0500000000000007,0.002,0.0030550504633038,0.0,0.0,0.0,1.9911486651743524
3.413883333333333,0.1034684882249449,3.3114,3.539,1.9998166666666664,1.9998166844460743,23.149999999999995,0.0499999999999989,0.002,0.0030550504633038,0.0,0.0,0.0,1.9894382093937664
3.416583333333333,0.1040664277703855,3.3132,3.5416,2.0,2.000000003333333,23.05,0.0500000000000007,0.002,0.0030550504633038,0.0,0.0,0.0,1.9876298835239004
3.4191,0.1045842563040281,3.3151,3.5459,1.9999166666666668,1.999916680278345,22.950000000000003,0.0500000000000007,0.002,0.0030550504633038,0.0,0.0,0.0,1.9857287236256684
3.419316666666667,0.1050561027366912,3.3152,3.5453,1.9996666666666665,1.9996667952992124,22.78333333333333,0.0897527467855748,0.002,0.0030550504633038,0.0,0.0,0.0,1.9837390596009774
3.420983333333333,0.1045630020078273,3.3162,3.5476,2.000033333333333,2.0000333352777453,22.7,0.0,0.002,0.0030550504633038,0.0,0.0,0.0,1.9816646663448385
3.42065,0.1061410814278178,3.3151,3.5472,1.9999833333333332,1.999983337777815,22.8,0.0999999999999996,0.002,0.0030550504633038,0.0,0.0,0.0,1.9795088731203248
3.4165666666666668,0.10676426784692,3.3108,3.5445,1.9999166666666663,1.999916666944456,23.116666666666664,0.2192157739660989,0.002,0.0030550504633038,0.0,0.0,0.0,1.9772746449310707
3.414433333333333,0.104206728296316,3.3109,3.539,1.9998166666666664,1.9998166844460743,23.3,0.0,0.002,0.0030550504633038,0.0,0.0,0.0,1.9749646444889277
3.415433333333333,0.1034777055966914,3.3129,3.5402,1.9998333333333331,1.999833353612801,23.183333333333334,0.0897527467855746,0.002,0.0030550504633038,0.0,0.0,0.0,1.9725812803515674
3.41725,0.1037612925581275,3.3142,3.5422,1.9998166666666664,1.9998166844460743,23.05,0.0500000000000007,0.002,0.0030550504633038,0.0,0.0,0.0,1.9701267449634392
3.417616666666667,0.1054453162649826,3.3132,3.5442,1.999966666666667,1.9999666686111437,23.15,0.1500000000000003,0.002,0.0030550504633038,0.0,0.0,0.0,1.9676030451706377
3.4151833333333337,0.1059581586707172,3.3102,3.5415,1.9997666666666667,1.9997667002816992,23.433333333333334,0.1699673171197601,0.002,0.0030550504633038,0.0,0.0,0.0,1.9650120270227303
3.413983333333333,0.1028560712300877,3.312,3.5376,1.999833333333333,1.999833353612801,23.433333333333334,0.1374368541872555,0.002,0.0030550504633038,0.0,0.0,0.0,1.962355396167625
3.4175,0.1027146695138203,3.3155,3.5408,1.999866666666667,1.999866674444963,23.15,0.1500000000000003,0.002,0.0030550504633038,0.0,0.0,0.0,1.9596347347980914
3.4205666666666663,0.1038453925581466,3.3171,3.5447,1.9997666666666667,1.9997667002816992,23.0,0.0,0.002,0.0030550504633038,0.0,0.0,0.0,1.9568515158653303
3.42255,0.1042668811272303,3.3189,3.5475,1.99965,1.999650075846605,22.950000000000003,0.0500000000000007,0.002,0.0030550504633038,0.0,0.0,0.0,1.9540071151015235
3.42405,0.1048595052121327,3.3197,3.5504,2.0000166666666668,2.0000166702777475,22.766666666666666,0.0745355992499929,0.002,0.0030550504633038,0.0,0.0,0.0,1.9511028212674368
3.424633333333333,0.1046304236613593,3.3206,3.5501,1.9999166666666663,1.999916671111296,22.7,0.0,0.002,0.0030550504633038,0.0,0.0,0.0,1.9481398449484695
3.42375,0.1082683972049708,3.3165,3.5538,1.99965,1.999650125855354,22.95,0.25,0.002,0.0030550504633038,0.0,0.0,0.0,1.9451193261532989
3.4182666666666663,0.1060240171952667,3.3131,3.5448,1.99975,1.999750030837188,23.38333333333333,0.219215773966099,0.002,0.0030550504633038,0.0,0.0,0.0,1.9420423409169107
3.416066666666667,0.1022927769797174,3.3148,3.5396,1.9998166666666664,1.9998166844460743,23.500000000000004,0.1000000000000014,0.002,0.0030550504633038,0.0,0.0,0.0,1.9389099070697267
3.418066666666667,0.1042329389183455,3.3148,3.543,1.9998833333333328,1.9998833419449469,23.36666666666667,0.0471404520791021,0.002,0.0030550504633038,0.0,0.0,0.0,1.935722989303552
3.4185666666666665,0.1035751364415654,3.316,3.5433,1.999833333333333,1.999833353612801,23.35,0.0499999999999989,0.002,0.0030550504633038,0.0,0.0,0.0,1.9324825036408564
3.419783333333333,0.1038100415288532,3.3169,3.5436,1.999866666666667,1.9998666919461292,23.21666666666667,0.037267799624997,0.002,0.0030550504633038,0.0,0.0,0.0,1.929189321394819
3.42065,0.1044324941449419,3.3169,3.5453,1.9998166666666664,1.9998166844460743,23.2,0.0,0.002,0.0030550504633038,0.0,0.0,0.0,1.9258442726924014
3.4209333333333327,0.1041352432603338,3.3177,3.5459,1.9997666666666667,1.9997667002816992,23.2,0.0,0.002,0.0030550504633038,0.0,0.0,0.0,1.9224481496205619
3.4210166666666666,0.1051015765290363,3.3166,3.5464,1.99995,1.9999500008333544,23.25,0.0500000000000007,0.002,0.0030550504633038,0.0,0.0,0.0,1.9190017090459088
3.421733333333333,0.1040843514762052,3.3183,3.5459,1.9998,1.9998000158349167,23.25,0.0500000000000007,0.002,0.0030550504633038,0.0,0.0,0.0,1.915505675150131
3.4225,0.1046727121396338,3.3186,3.5479,1.9998833333333328,1.9998833419449469,23.25,0.0500000000000007,0.002,0.0030550504633038,0.0,0.0,0.0,1.911960741717008
3.422,0.1048682188908218,3.318,3.5475,1.9998166666666664,1.9998166844460743,23.3,0.0,0.002,0.0030550504633038,0.0,0.0,0.0,1.9083675742014545
3.4214999999999995,0.1049720121429199,3.3175,3.5478,1.9997,1.9997000908469584,23.350000000000005,0.0499999999999989,0.002,0.0030550504633038,0.0,0.0,0.0,1.904726811606598
3.42105,0.1043278126867424,3.3175,3.5461,1.9998166666666664,1.9998166844460743,23.4,3.552713678800501e-15,0.002,0.0030550504633038,0.0,0.0,0.0,1.9010390681912033
3.4223666666666666,0.1039961804854175,3.3191,3.5475,1.999866666666667,1.9998666736115744,23.35,0.0499999999999989,0.002,0.0030550504633038,0.0,0.0,0.0,1.897304935026664
3.4233000000000007,0.1042548320223096,3.3199,3.5485,1.9999333333333336,1.9999333344444816,23.33333333333334,0.0471404520791021,0.002,0.0030550504633038,0.0,0.0,0.0,1.8935249814201864
3.423183333333333,0.1040787909337066,3.3197,3.5478,1.99985,1.9998500233350835,23.35,0.0499999999999989,0.002,0.0030550504633038,0.0,0.0,0.0,1.889699756218597
3.42505,0.1038387331394215,3.3222,3.5499,1.999966666666667,1.9999666686111437,23.3,0.0,0.002,0.0030550504633038,0.0,0.0,0.0,1.8858297890053481
3.426183333333334,0.1049021991613564,3.322,3.5519,1.999833333333333,1.9998333552796064,23.3,0.0,0.002,0.0030550504633038,0.0,0.0,0.0,1.8819155912017143
3.4264666666666668,0.105217879764906,3.3219,3.5516,2.0,2.000000000833333,23.3,0.0,0.002,0.0030550504633038,0.0,0.0,0.0,1.8779576570818197
3.4272499999999995,0.1047708730198109,3.3232,3.5527,1.99995,1.9999500008333544,23.25,0.0500000000000007,0.002,0.0030550504633038,0.0,0.0,0.0,1.8739564647099771
3.427566666666666,0.1043220920461667,3.3237,3.5531,1.9998166666666664,1.9998166844460743,23.25,0.0500000000000007,0.002,0.0030550504633038,0.0,0.0,0.0,1.8699124768078197
3.4285666666666668,0.104610175838151,3.3246,3.5547,1.99985,1.999850023335083,23.266666666666666,0.0471404520791038,0.002,0.0030550504633038,0.0,0.0,0.0,1.8658261415578468
3.4297833333333334,0.1053675695943596,3.3251,3.5555,1.99975,1.9997501058465612,23.23333333333333,0.0471404520791038,0.002,0.0030550504633038,0.0,0.0,0.0,1.8616978933492558
3.4297166666666663,0.1045511105738348,3.3257,3.555,1.9997,1.9997000908469584,23.2,0.0,0.002,0.0030550504633038,0.0,0.0,0.0,1.8575281534712829
3.430183333333334,0.1050520730664348,3.3257,3.5558,1.99965,1.999650075846605,23.25,0.0500000000000007,0.002,0.0030550504633038,0.0,0.0,0.0,1.8533173307587079
3.4295666666666667,0.104911735388479,3.3255,3.5545,1.9996333333333332,1.9996334052909688,23.25,0.0500000000000007,0.002,0.0030550504633038,0.0,0.0,0.0,1.8490658221936875
3.4303166666666662,0.1054930869246364,3.3254,3.5567,1.9997333333333331,1.9997334336244807,23.25,0.0500000000000007,0.002,0.0030550504633038,0.0,0.0,0.0,1.8447740134676418
3.430466666666667,0.1053785820532596,3.3257,3.5562,2.0,2.000000000833333,23.3,0.0,0.002,0.0030550504633038,0.0,0.0,0.0,1.8404422795065403
3.431316666666666,0.1052151987858957,3.3265,3.5564,1.9999166666666663,1.9999166786116087,23.350000000000005,0.0499999999999989,0.002,0.0030550504633038,0.0,0.0,0.0,1.8360709849625978
3.4303166666666662,0.1062056404130946,3.3248,3.5564,1.9998666666666665,1.999866666944463,23.350000000000005,0.0499999999999989,0.002,0.0030550504633038,0.0,0.0,0.0,1.8316604846750917
3.4284833333333338,0.1046090884621833,3.3242,3.5541,1.999866666666667,1.9998666736115744,23.45,0.0500000000000007,0.002,0.0030550504633038,0.0,0.0,0.0,1.827211124102749
3.4296000000000006,0.1037452006922086,3.326,3.5539,1.9996666666666665,1.9996667469578249,23.450000000000003,0.0500000000000007,0.002,0.0030550504633038,0.0,0.0,0.0,1.8227232397299238
3.431766666666667,0.1046770217807562,3.3272,3.5575,1.999833333333333,1.9998333552796064,23.4,3.552713678800501e-15,0.002,0.0030550504633038,0.0,0.0,0.0,1.818197159448565
3.431833333333333,0.1040519688531756,3.3285,3.5564,1.9997666666666667,1.9997666786125048,23.366666666666664,0.0471404520791021,0.002,0.0030550504633038,0.0,0.0,0.0,1.8136332029178095
3.4333333333333336,0.1056554568186402,3.3277,3.5585,2.0000166666666668,2.000016670277748,23.350000000000005,0.0499999999999989,0.002,0.0030550504633038,0.0,0.0,0.0,1.809031681902846
3.4331666666666667,0.1050046771445074,3.3286,3.5587,1.9996166666666664,1.999616778632568,23.4,3.552713678800501e-15,0.002,0.0030550504633038,0.0,0.0,0.0,1.8043929005945736
3.4330166666666666,0.105605735587083,3.3278,3.5587,1.9997833333333328,1.9997833477793423,23.416666666666668,0.037267799624997,0.002,0.0030550504633038,0.0,0.0,0.0,1.7997171559114213
3.4326833333333333,0.1053042167035848,3.3282,3.5591,1.9997,1.9997000908469584,23.5,0.1000000000000014,0.002,0.0030550504633038,0.0,0.0,0.0,1.795004737784596
3.43285,0.1062445410362339,3.3274,3.5593,1.9999833333333332,1.9999833369444744,23.633333333333336,0.0745355992499924,0.002,0.0030550504633038,0.0,0.0,0.0,1.7902559294279068
3.4284666666666666,0.1070213166720641,3.3223,3.5556,1.9999166666666663,1.999916666944456,23.899999999999995,0.200000000000001,0.002,0.0030550504633038,0.0,0.0,0.0,1.7854710075932239
3.4279666666666664,0.1010635553610807,3.3278,3.5498,1.9998166666666664,1.9998166844460743,23.9,0.0999999999999996,0.002,0.0030550504633038,0.0,0.0,0.0,1.780650242812539
3.4318000000000004,0.1058873930172992,3.3266,3.5579,1.999866666666667,1.9998666936129077,23.75,0.0500000000000007,0.002,0.0030550504633038,0.0,0.0,0.0,1.7757938996275178
3.4302666666666664,0.1055059187386606,3.3254,3.5553,1.9999166666666668,1.999916668611192,23.850000000000005,0.0499999999999989,0.002,0.0030550504633038,0.0,0.0,0.0,1.7709022368073648
3.430716666666667,0.1044585630232816,3.3268,3.5551,1.9998166666666664,1.9998166844460743,23.85,0.0499999999999989,0.002,0.0030550504633038,0.0,0.0,0.0,1.7659755075557526
3.4320000000000004,0.1044877504782259,3.3283,3.5575,1.9998,1.9998000408374168,23.8,0.0,0.002,0.0030550504633038,0.0,0.0,0.0,1.761013959707514
3.4334333333333333,0.1058290077856202,3.3283,3.5595,1.9999833333333332,1.9999833369444744,23.71666666666667,0.037267799624997,0.002,0.0030550504633038,0.0,0.0,0.0,1.7560178359157355
3.4331333333333327,0.1054933436552068,3.3286,3.5593,1.9998166666666664,1.9998166844460743,23.75,0.0500000000000007,0.002,0.0030550504633038,0.0,0.0,0.0,1.7509873738298494
3.4345166666666667,0.1059294012800769,3.3294,3.5602,1.9999,1.999900013334,23.71666666666667,0.037267799624997,0.002,0.0030550504633038,0.0,0.0,0.0,1.7459228062652727
3.43495,0.1059600828928832,3.3295,3.5615,1.9996333333333332,1.9996334052909688,23.78333333333333,0.0897527467855748,0.002,0.0030550504633038,0.0,0.0,0.0,1.7408243613651013
3.433766666666667,0.1074969715335687,3.3271,3.5619,1.99985,1.9998500508371453,23.95,0.1500000000000003,0.002,0.0030550504633038,0.0,0.0,0.0,1.7356922627543314
3.4320833333333334,0.1051355381823333,3.3274,3.5576,1.999866666666667,1.999866674444963,24.03333333333333,0.0471404520791038,0.002,0.0030550504633038,0.0,0.0,0.0,1.7305267296870481
3.43325,0.1052597224329737,3.3286,3.5585,1.999933333333333,1.99993333361112,24.0,0.0,0.002,0.0030550504633038,0.0,0.0,0.0,1.7253279771869856
3.433033333333334,0.1052967499762246,3.3285,3.5593,1.9998,1.999800040004,24.0,0.0,0.002,0.0030550504633038,0.0,0.0,0.0,1.7200962161818414
3.4342,0.1057519739768482,3.3291,3.5601,2.0,2.0000000025,24.0,0.0,0.002,0.0030550504633038,0.0,0.0,0.0,1.7148316536316917
3.4341666666666666,0.1060835467397696,3.3289,3.5601,1.999866666666667,1.9998666736115744,24.0,0.0,0.002,0.0030550504633038,0.0,0.0,0.0,1.7095344926518439
3.43445,0.106019538293656,3.3294,3.5611,1.9998833333333328,1.9998833419449469,23.95,0.0500000000000007,0.002,0.0030550504633038,0.0,0.0,0.0,1.7042049326304256
3.4346,0.1057518794159234,3.3297,3.5605,1.999933333333333,1.99993333361112,24.0,0.0,0.002,0.0030550504633038,0.0,0.0,0.0,1.6988431693410004
3.4348,0.1056818653632999,3.33,3.5608,1.99985,1.9998500225016875,23.98333333333333,0.037267799624997,0.002,0.0030550504633038,0.0,0.0,0.0,1.6934493950504776
3.43545,0.1057208549278081,3.3305,3.5618,1.9998333333333331,1.999833353612801,23.950000000000003,0.0500000000000007,0.002,0.0030550504633038,0.0,0.0,0.0,1.6880237986225626
3.43615,0.1060251974768262,3.3309,3.5625,1.99995,1.9999500008333544,23.95,0.0500000000000007,0.002,0.0030550504633038,0.0,0.0,0.0,1.6825665656169864
3.4362333333333326,0.1060319081953897,3.3311,3.5625,1.9998166666666664,1.9998166844460743,24.0,0.0,0.002,0.0030550504633038,0.0,0.0,0.0,1.6770778783847309
3.4349000000000003,0.1074155947709642,3.3283,3.5625,1.9998166666666664,1.9998166844460743,24.05,0.0500000000000007,0.002,0.0030550504633038,0.0,0.0,0.0,1.671557916159454
3.4304,0.1082181284874827,3.3231,3.559,1.9997833333333328,1.99978337028178,24.35,0.25,0.002,0.0030550504633038,0.0,0.0,0.0,1.666006855145311
3.4279166666666665,0.1041689879741352,3.3246,3.5524,1.9998833333333328,1.9998833419449469,24.500000000000004,0.1000000000000014,0.002,0.0030550504633038,0.0,0.0,0.0,1.660424868601348
3.4301166666666667,0.1049603800911986,3.326,3.5555,1.9998833333333328,1.9998833419449469,24.4,3.552713678800501e-15,0.002,0.0030550504633038,0.0,0.0,0.0,1.654812126922643
3.4310000000000005,0.1049132339920311,3.3271,3.5565,1.999833333333333,1.999833353612801,24.33333333333333,0.0471404520791021,0.002,0.0030550504633038,0.0,0.0,0.0,1.6491687977183496
3.43095,0.1056833280765387,3.3262,3.5576,1.999833333333333,1.999833353612801,24.3,0.0,0.002,0.0030550504633038,0.0,0.0,0.0,1.6434950458867958
3.4312000000000005,0.1052360204492737,3.3269,3.5576,1.9998833333333328,1.9998833419449469,24.3,0.0,0.002,0.0030550504633038,0.0,0.0,0.0,1.6377910336877786
3.432533333333333,0.1054895834773378,3.3278,3.5585,1.9999166666666663,1.9999166786116087,24.3,0.0,0.002,0.0030550504633038,0.0,0.0,0.0,1.632056920812188
3.4334833333333337,0.105964198618632,3.3283,3.5595,1.99985,1.9998500225016875,24.25,0.0500000000000007,0.002,0.0030550504633038,0.0,0.0,0.0,1.626292864449086
3.4341166666666667,0.1058632201894919,3.3292,3.5601,1.99995,1.9999500008333544,24.2,0.0,0.002,0.0030550504633038,0.0,0.0,0.0,1.620499019350358
3.4340000000000006,0.1060348370426751,3.3289,3.5608,1.9999,1.9999000100005,24.2,0.0,0.002,0.0030550504633038,0.0,0.0,0.0,1.6146755378930497
3.43405,0.1056955809546138,3.3292,3.5608,1.999866666666667,1.9998666736115744,24.149999999999995,0.0499999999999989,0.002,0.0030550504633038,0.0,0.0,0.0,1.6088225701394947
3.435083333333333,0.1070487648483416,3.3289,3.5624,1.999966666666667,1.9999666686111437,24.200000000000003,0.0999999999999996,0.002,0.0030550504633038,0.0,0.0,0.0,1.6029402638953303
3.431233333333333,0.1087703493093999,3.3234,3.561,1.9999,1.9999000100005,24.5,0.1999999999999992,0.002,0.0030550504633038,0.0,0.0,0.0,1.5970287647655002
3.427866666666666,0.1051945129536496,3.3235,3.5527,1.9998833333333328,1.9998833419449469,24.7,0.0,0.002,0.0030550504633038,0.0,0.0,0.0,1.5910882162083293
3.4291333333333327,0.1048406038814267,3.3251,3.5539,1.9998833333333328,1.9998833419449469,24.649999999999995,0.0499999999999989,0.002,0.0030550504633038,0.0,0.0,0.0,1.5851187595877558
3.4299,0.1059764596502449,3.3248,3.5559,1.9998166666666664,1.9998166844460743,24.683333333333334,0.0372677996249957,0.002,0.0030550504633038,0.0,0.0,0.0,1.5791205342238026
3.429583333333333,0.1052315608023034,3.3254,3.5556,1.9998166666666664,1.9998166844460743,24.7,0.0,0.002,0.0030550504633038,0.0,0.0,0.0,1.5730936774413615
3.42985,0.1063435744807053,3.3243,3.5565,1.9998166666666664,1.9998166844460743,24.7,0.0,0.002,0.0030550504633038,0.0,0.0,0.0,1.5670383246173611
3.430683333333334,0.1045400787045598,3.3269,3.5556,1.9998166666666664,1.9998166844460743,24.649999999999995,0.0499999999999989,0.002,0.0030550504633038,0.0,0.0,0.0,1.5609546092263913
3.43285,0.1056843531465278,3.3282,3.5591,1.9997666666666667,1.9997667002816992,24.55,0.0500000000000007,0.002,0.0030550504633038,0.0,0.0,0.0,1.5548426628848429
3.434016666666667,0.1064215582274361,3.3285,3.5605,1.9997666666666667,1.9997667002816992,24.433333333333337,0.0471404520791038,0.002,0.0030550504633038,0.0,0.0,0.0,1.5487026153936276
3.43465,0.1062523058573318,3.3294,3.5616,1.999833333333333,1.999833353612801,24.35,0.0499999999999989,0.002,0.0030550504633038,0.0,0.0,0.0,1.5425345947795355
3.4356499999999994,0.1070547795912604,3.3295,3.5636,1.9998166666666664,1.9998166844460743,24.3,0.0,0.002,0.0030550504633038,0.0,0.0,0.0,1.5363387273352858
3.436166666666667,0.108187856167974,3.3289,3.565,1.999866666666667,1.9998666736115744,24.25,0.0500000000000007,0.002,0.0030550504633038,0.0,0.0,0.0,1.5301151376583213
3.4359,0.107988934618321,3.3289,3.5642,1.9998166666666664,1.9998166844460743,24.3,0.0999999999999996,0.002,0.0030550504633038,0.0,0.0,0.0,1.523863948688402
3.433783333333333,0.1093064105571529,3.3254,3.5636,1.999866666666667,1.9998666736115744,24.516666666666666,0.186338998124982,0.002,0.0030550504633038,0.0,0.0,0.0,1.5175852817440378
3.4315666666666664,0.1059637936068521,3.3266,3.5582,1.9998166666666664,1.9998166844460743,24.649999999999995,0.0499999999999989,0.002,0.0030550504633038,0.0,0.0,0.0,1.5112792565578124
3.33105,0.03110421997093,3.29,3.3875,1.9998166666666664,1.9998166844460743,22.78333333333333,1.317088540008691,0.002,0.0030550504633038,0.0,0.0,0.0,1.504945991310639
3.4292833333333337,0.1051850023635604,3.3251,3.5555,1.9998166666666664,1.9998166844460743,24.0,0.0,0.002,0.0030550504633038,0.0,0.0,0.0,1.4985856026649884
3.4326666666666665,0.107759696650567,3.3258,3.5615,1.999866666666667,1.9998666736115744,24.0,0.0,0.002,0.0030550504633038,0.0,0.0,0.0,1.4921982057971286
3.4340166666666665,0.1068482321904402,3.3282,3.5627,1.9998166666666664,1.9998166844460743,24.0,0.0,0.002,0.0030550504633038,0.0,0.0,0.0,1.4857839144284153
3.4358500000000003,0.1083043666401929,3.3285,3.5655,1.9998166666666664,1.9998166844460743,23.950000000000003,0.0500000000000007,0.002,0.0030550504633038,0.0,0.0,0.0,1.4793428408556675
3.43475,0.1105903815889971,3.3251,3.5661,1.999866666666667,1.9998666736115744,24.016666666666666,0.0897527467855763,0.002,0.0030550504633038,0.0,0.0,0.0,1.4728750959806631
3.4319333333333333,0.1085263204122493,3.3243,3.561,1.9998166666666664,1.9998166844460743,24.200000000000003,0.0999999999999996,0.002,0.0030550504633038,0.0,0.0,0.0,1.4663807893387846
3.4309500000000006,0.1081578437593255,3.3238,3.5604,1.9998166666666664,1.9998166844460743,24.3,0.0,0.002,0.0030550504633038,0.0,0.0,0.0,1.459860029126851
3.4313,0.1077501430780178,3.3246,3.5604,1.9998166666666664,1.9998166844460743,24.350000000000005,0.0499999999999989,0.002,0.0030550504633038,0.0,0.0,0.0,1.4533129222301588
3.431766666666667,0.1072078303524928,3.3254,3.5608,1.9998166666666664,1.9998166844460743,24.35,0.0499999999999989,0.002,0.0030550504633038,0.0,0.0,0.0,1.4467395742487676
3.4323166666666665,0.1084715387658082,3.3249,3.5621,1.9998166666666664,1.9998166844460743,24.3,0.0,0.002,0.0030550504633038,0.0,0.0,0.0,1.440140089523053
3.433,0.1076174397267159,3.3262,3.5615,1.999866666666667,1.9998666736115744,24.3,0.0,0.002,0.0030550504633038,0.0,0.0,0.0,1.4335145711585517
3.434516666666667,0.1081092258885532,3.3274,3.5636,1.9998833333333328,1.9998833419449469,24.183333333333334,0.0897527467855746,0.002,0.0030550504633038,0.0,0.0,0.0,1.4268631210501306
3.4355999999999995,0.1083733669619371,3.3282,3.5651,1.999866666666667,1.9998666736115744,24.1,3.552713678800501e-15,0.002,0.0030550504633038,0.0,0.0,0.0,1.4201858399054932
3.436616666666667,0.1087428375674564,3.3288,3.5662,1.999866666666667,1.9998666736115744,24.05,0.0500000000000007,0.002,0.0030550504633038,0.0,0.0,0.0,1.4134828272680562
3.4373666666666662,0.1087739347862754,3.3295,3.5673,1.9997666666666667,1.9997667002816992,23.98333333333333,0.037267799624997,0.002,0.0030550504633038,0.0,0.0,0.0,1.4067541815392122
3.4382333333333333,0.1090607272221409,3.3302,3.5684,1.9998166666666664,1.9998166844460743,24.0,0.0,0.002,0.0030550504633038,0.0,0.0,0.0,1.4
